Group ,Watch,Dominant,Subordinate,Interaction,,,,
SY1_NE,1,BGY,GBGY,D,,,,
SY1_NE,4,WRRW,/Y,D,,,,
SY1_NE,4,GBGY,/Y,C,,,,
SY1_NE,4,WRRW,GBGY,D,,,,
SY1_NE,4,GBGY,/G,D,,,,
SY1_NE,4,GBGY,/G,D,,,,
SY1_NE,4,GBGY,/G,D,,,,
SY1_NE,4,/G,/B,D,,,,
SY1_NE,5,WRRW,GBGY,D,,,,
SY1_NE,6,WRRW,GBGY,D,,,,
SY1_NE,6,WRRW,GBGY,D,,,,
SY1_NE,6,WRRW,/B,D,,,,
SY1_NE,8,WRRW,WRYB,D,,,,
SY1_NE,8,WRRW,WRYB,D,,,,
SY1_NE,8,WRYB,/Y,P,,,,
SY1_NE,8,WRYB,/Y,D,,,,
SY1_NE,8,WRRW,GBGY,D,,,,
SY1_NE,8,GBGY,WRRW,D,,,,
SY1_NE,8,GBGY,/B,D,,,,
SY1_NE,8,GBGY,/B,C,,,,
SY1_NE,9,WRRW,/Y,D,,,,
SY1_NE,9,WRRW,/B,D,,,,
SY1_NE,10,WRRW,BGY,D,,,,
SY1_NE,10,WRRW,/Y,D,,,,
W_camp_C,UNK,YRYG,BGBW,D,,,,
W_camp_C,UNK,YRYG,BGBW,B,,,,
W_camp_C,UNK,YRYG,BGBW,B,,,,
W_camp_C,UNK,YRYG,BGBW,B,,,,
W_camp_C,UNK,YRYG,BGBW,B,,,,
W_camp_C,UNK,BGBW,YBWN,D,,,,
W_camp_C,UNK,BGBW,YBWN,C,,,,
W_camp_C,UNK,BGBW,YBWN,C,,,,
W_camp_C,UNK,YRYG,WBBB,B,,,,
W_camp_C,UNK,BGBW,WBBB,D,,,,
W_camp_C,UNK,BGBW,WBBB,B,,,,
W_camp_C,UNK,YBWN,WBBB,D,,,,
W_camp_C,UNK,BGBW,YBWN,D,,,,
W_camp_C,UNK,BGBW,YBWN,D,,,,
W_camp_C,UNK,WBBB,YBWN,D,,,,
W_camp_C,UNK,WBBB,YBWN,D,,,,
W_camp_C,UNK,YYYN,WBBB,D,,,,
W_camp_C,UNK,YRYG,WBBB,D,,,,
W_camp_C,UNK,YRYG,YYYN,B,,,,
W_camp_C,UNK,WBBB,YYYN,D,,,,
W_camp_C,UNK,BGBW,YYYN,B,,,,
W_camp_C,UNK,YRYG,WBBB,D,,,,
W_camp_C,UNK,YRYG,WBBB,B,,,,
W_camp_C,UNK,YRYG,WBBB,B,,,,
W_camp_C,UNK,YRYG,BGBW,D,,,,
W_camp_C,UNK,YRYG,BGBW,B,,,,
W_camp_C,UNK,YRYG,BGBW,B,,,,
W_camp_C,UNK,YRYG,BGBW,B,,,,
W_camp_C,UNK,YRYG,YYYN,P,,,,
W_camp_C,UNK,YRYG,YBWN,D,,,,
W_camp_C,UNK,BGBW,YBWN,D,,,,
W_camp_C,UNK,YBWN,YYYN,D,,,,
W_camp_C,UNK,WBBB,RNYN,P,,,,
W_camp_C,UNK,BGBW,YYYN,D,,,,
W_camp_C,UNK,YRYG,WBBB,D,,,,
W_camp_C,UNK,YRYG,YBWN,B,,,,
W_camp_C,UNK,YRYG,BGBW,C,,,,
W_camp_C,UNK,YRYG,BGBW,B,,,,
W_camp_C,UNK,YRYG,BGBW,B,,,,
W_camp_C,UNK,YRYG,YYYN,B,,,,
W_camp_C,UNK,BGBW,YBWN,C,,,,
W_camp_C,UNK,BGBW,YBWN,C,,,,
W_camp_C,UNK,BGBW,WBBB,D,,,,
W_camp_C,UNK,BGBW,WBBB,C,,,,
W_camp_C,UNK,BGBW,WBBB,B,,,,
W_camp_C,UNK,WBBB,YBWN,D,,,,
W_camp_C,UNK,YBWN,YYYN,D,,,,
W_camp_C,UNK,YBWN,RNYN,P,,,,
W_camp_C,UNK,YBWN,RNYN,P,,,,
W_camp_C,UNK,WBBB,RNYN,P,,,,
W_camp_C,UNK,YYYN,RNYN,P,,,,
W_camp_C,UNK,YYYN,RNYN,P,,,,
W_camp_C,UNK,WBBB,YYYN,D,,,,
W_camp_C,UNK,YRYG,BGBW,D,,,,
W_camp_C,UNK,YRYG,BGBW,B,,,,
W_camp_C,UNK,BGBW,WBBB,B,,,,
W_camp_C,UNK,BGBW,WBBB,B,,,,
W_camp_C,UNK,BGBW,WBBB,B,,,,
W_camp_C,UNK,BGBW,WBBB,B,,,,
W_camp_C,UNK,BGBW,WBBB,B,,,,
W_camp_C,UNK,BGBW,YRYG,B,,,,
W_camp_C,UNK,BGBW,YYYN,D,,,,
W_camp_C,UNK,BGBW,YYYN,D,,,,
W_camp_C,UNK,WBBB,YYYN,D,,,,
W_camp_C,UNK,WBBB,YBWN,D,,,,
W_camp_C,UNK,BGBW,RNYN,P,,,,
W_camp_C,UNK,YRYG,BGBW,D,,,,
W_camp_C,UNK,YRYG,BGBW,D,,,,
W_camp_C,UNK,BGBW,WBBB,B,,,,
W_camp_C,UNK,YRYG,WBBB,B,,,,
W_camp_C,UNK,BGBW,YBWN,C,,,,
W_camp_C,UNK,BGBW,YBWN,B,,,,
W_camp_C,UNK,BGBW,YBWN,B,,,,
W_camp_C,UNK,BGBW,YBWN,B,,,,
W_camp_C,UNK,YBWN,WBBB,D,,,,
W_camp_C,UNK,YBWN,WBBB,B,,,,
W_camp_C,UNK,YBWN,YYYN,D,,,,
W_camp_C,UNK,YBWN,YYYN,B,,,,
W_camp_C,UNK,YBWN,YYYN,B,,,,
W_camp_C,UNK,YBWN,YYYN,B,,,,
W_camp_C,UNK,YRYG,YBWN,D,,,,
W_camp_C,UNK,YRYG,YBWN,D,,,,
W_camp_C,UNK,WBBB,YYYN,D,,,,
W_camp_C,UNK,WBBB,RNYN,P,,,,
W_camp_C,UNK,YRYG,WBBB,D,,,,
W_camp_C,UNK,YRYG,YYYN,P,,,,
W_camp_C,UNK,YRYG,BGBW,D,,,,
W_camp_C,UNK,YRYG,BGBW,B,,,,
W_camp_C,UNK,YRYG,BGBW,B,,,,
W_camp_C,UNK,BGBW,YBWN,C,,,,
W_camp_C,UNK,BGBW,YYYN,P,,,,
W_camp_C,UNK,BGBW,YYYN,P,,,,
W_camp_C,UNK,BGBW,YYYN,P,,,,
W_camp_C,UNK,BGBW,YYYN,C,,,,
W_camp_C,UNK,WBBB,YYYN,D,,,,
W_camp_C,UNK,WBBB,YYYN,D,,,,
W_camp_C,UNK,YBWN,WBBB,D,,,,
W_camp_C,UNK,YBWN,WBBB,D,,,,
W_camp_C,UNK,YBWN,WBBB,D,,,,
W_camp_C,UNK,WBBB,YBWN,D,,,,
W_camp_C,UNK,WBBB,YBWN,D,,,,
W_camp_C,UNK,YBWN,YYYN,P,,,,
W_camp_C,UNK,YBWN,YYYN,P,,,,
W_camp_C,UNK,BGBW,WBBB,D,,,,
W_camp_C,UNK,YRYG,BGBW,D,,,,
W_camp_C,UNK,YRYG,YYYN,B,,,,
W_camp_C,UNK,YRYG,WBBB,B,,,,
W_camp_C,UNK,YBWN,WBBB,D,,,,
W_camp_C,UNK,YBWN,WBBB,D,,,,
W_camp_C,UNK,WBBB,YBWN,D,,,,
W_camp_C,UNK,WBBB,YBWN,D,,,,
W_camp_C,UNK,YBWN,YYYN,D,,,,
W_camp_C,UNK,YBWN,YYYN,C,,,,
W_camp_C,UNK,WBBB,YYYN,P,,,,
W_camp_C,UNK,WBBB,YYYN,D,,,,
W_camp_C,UNK,YRYG,BGBW,D,,,,
W_camp_C,UNK,BGBW,WBBB,D,,,,
W_camp_C,UNK,BGBW,WBBB,B,,,,
W_camp_C,UNK,BGBW,YYYN,D,,,,
W_camp_C,UNK,BGBW,YYYN,C,,,,
W_camp_C,UNK,BGBW,YYYN,B,,,,
W_camp_C,UNK,BGBW,YYYN,B,,,,
W_camp_C,UNK,YRYG,RNYN,P,,,,
W_camp_C,UNK,YRYG,BGBW,B,,,,
W_camp_C,UNK,BGBW,YBWN,P,,,,
W_camp_C,UNK,BGBW,YBWN,B,,,,
W_camp_C,UNK,BGBW,RNYN,P,,,,
W_camp_C,UNK,BGBW,RNYN,P,,,,
W_camp_C,UNK,BGBW,RNYN,B,,,,
W_camp_C,UNK,YYYN,RNYN,P,,,,
W_camp_C,UNK,YYYN,RNYN,P,,,,
W_camp_C,UNK,YBWN,WBBB,D,,,,
W_camp_C,UNK,YBWN,WBBB,D,,,,
W_camp_C,UNK,YBWN,WBBB,D,,,,
W_camp_C,UNK,YBWN,WBBB,B,,,,
W_camp_C,UNK,YBWN,WBBB,B,,,,
W_camp_C,UNK,WBBB,YYYN,B,,,,
SY1_NW,1,YNGG,UB,D,,,,
SY1_NW,1,YNGG,/Y,D,,,,
SY1_NW,1,YNGG,YBYY,D,,,,
SY1_NW,1,YBWB,/Y,D,,,,
SY1_NW,2,UB,/G,D,,,,
SY1_NW,2,B-R/GY,M-,D,,,,
SY1_NW,4,UB,/G,D,,,,
SY1_NW,4,UB,/G,B,,,,
SY1_NW,5,YBWB,/G,D,,,,
SY1_NW,6,B-R/GY,/G,D,,,,
SY1_NW,6,YNGG,/G,D,,,,
SY1_NW,6,YBYY,/G,D,,,,
SY1_NW,7,YBYY,YBRG,D,,,,
SY1_NW,7,BBYG,/G,D,,,,
SY1_NW,7,YBRG,/G,D,,,,
SY1_NW,7,UB,/G,D,,,,
SY1_NW,7,YNGG,YBWB,D,,,,
SY1_NW,8,YBWB,/G,D,,,,
SY1_NW,8,UB,/G,D,,,,
SY1_NW,8,YBRG,WBBY,D,,,,
SY1_NW,9,UB,/B,D,,,,
SY1_NW,9,UB,/B,D,,,,
SY1_NW,9,YBRG,B-R/GY,D,,,,
SY1_NW,9,M-,/B,D,,,,
SY1_NW,9,M-,/B,B,,,,
SY1_NW,9,UB,WBBY,D,,,,
SY1_NW,9,UB,BBYG,D,,,,
SY1_NW,9,UB,BBYG,B,,,,
SY1_NW,9,/G,/B,D,,,,
SY1_NW,9,UB,/G,D,,,,
SY1_NW,10,UB,YBRG,D,,,,
SY1_NW,10,YBRG,/G,D,,,,
SY1_NW,10,UB,/G,D,,,,
SY1_NW,10,/B,/G,D,,,,
SY1_NW,10,/B,/G,B,,,,
SY1_NW,10,YNGG,/B,P,,,,
SY1_NW,10,YNGG,/B,D,,,,
SY1_NW,10,YNGG,UB,D,,,,
SY1_C,1,YYBB,YBB-Y,D,,,,
SY1_C,1,YYBB,YBB-Y,D,,,,
SY1_C,1,YYBB,WRGB,D,,,,
SY1_C,1,WWYY,/G,D,,,,
SY1_C,1,WWYY,/G,D,,,,
SY1_C,1,WWYY,/G,D,,,,
SY1_C,1,WWYY,YBB-Y,D,,,,
SY1_C,1,WWYY,YBB-Y,D,,,,
SY1_C,1,WWYY,YBB-Y,D,,,,
SY1_C,1,WWYY,YBB-Y,C,,,,
SY1_C,1,WWYY,WRGB,D,,,,
SY1_C,1,WWYY,WRGB,B,,,,
SY1_C,2,YYBB,/G,D,,,,
SY1_C,2,YYBB,/G,D,,,,
SY1_C,2,YYBB,/G,B,,,,
SY1_C,2,YYBB,YBB-Y,D,,,,
SY1_C,2,YYBB,YBB-Y,D,,,,
SY1_C,2,YYBB,YBB-Y,D,,,,
SY1_C,2,YYBB,WWYY,D,,,,
SY1_C,2,YYBB,WWYY,D,,,,
SY1_C,3,WWYY,YYBB,D,,,,
SY1_C,3,YYBB,YBB-Y,D,,,,
SY1_C,3,YYBB,YBB-Y,D,,,,
SY1_C,3,YYBB,YBB-Y,D,,,,
SY1_C,3,YYBB,YBB-Y,B,,,,
SY1_C,3,YYBB,WWYY,P,,,,
SY1_C,3,YYBB,WWYY,D,,,,
SY1_C,3,YYBB,WWYY,D,,,,
SY1_C,3,YYBB,/G,P,,,,
SY1_C,3,YYBB,/G,D,,,,
SY1_C,3,YYBB,WRGB,D,,,,
SY1_C,3,YYBB,WRGB,D,,,,
SY1_C,3,YYBB,WRGB,C,,,,
SY1_C,3,WWYY,WRGB,D,,,,
SY1_C,3,WWYY,WRGB,D,,,,
SY1_C,3,WWYY,YBB-Y,D,,,,
SY1_C,4,WWYY,YYBB,D,,,,
SY1_C,4,YYBB,YBB-Y,D,,,,
SY1_C,4,YYBB,YBB-Y,D,,,,
SY1_C,4,YYBB,YBB-Y,D,,,,
SY1_C,4,YYBB,YBB-Y,D,,,,
SY1_C,4,YYBB,WRGB,D,,,,
SY1_C,4,YYBB,WRGB,D,,,,
SY1_C,4,/W,WRGB,D,,,,
SY1_C,5,WWYY,/G,D,,,,
SY1_C,5,WWYY,YBB-Y,P,,,,
SY1_C,5,WWYY,YBB-Y,D,,,,
SY1_C,6,WWYY,YYBB,D,,,,
SY1_C,6,YYBB,WWYY,D,,,,
SY1_C,6,YYBB,YBB-Y,D,,,,
SY1_C,6,YYBB,WRGB,D,,,,
SY1_C,6,YYBB,WRGB,D,,,,
SY1_C,6,WWYY,/W,D,,,,
SY1_C,7,WWYY,WRGB,D,,,,
SY1_C,7,WWYY,WRGB,D,,,,
SY1_C,7,WWYY,WRGB,D,,,,
SY1_C,7,WWYY,WRGB,B,,,,
SY1_C,7,WWYY,YBB-Y,D,,,,
SY1_C,7,WWYY,YBB-Y,D,,,,
SY1_C,7,WWYY,YBB-Y,B,,,,
SY1_C,7,WWYY,YBB-Y,B,,,,
SY1_C,7,WWYY,/G,D,,,,
SY1_C,7,YYBB,WWYY,D,,,,
SY1_C,7,YYBB,WRGB,D,,,,
SY1_C,7,YYBB,WRGB,D,,,,
SY1_C,7,YYBB,YBB-Y,D,,,,
SY1_C,7,YYBB,YBB-Y,D,,,,
SY1_C,7,YYBB,YBB-Y,D,,,,
SY1_C,7,YYBB,YBB-Y,B,,,,
SY1_C,8,WWYY,YYBB,D,,,,
SY1_C,8,YYBB,YBB-Y,D,,,,
SY1_C,8,WRGB,YBB-Y,D,,,,
SY1_C,10,YYBB,YBB-Y,D,,,,
SY1_C,10,YYBB,YBB-Y,D,,,,
SY1_C,10,YBB-Y,YYBB,D,,,,
SY1_C,10,YYBB,WRGB,D,,,,
SY1_C,10,YYBB,WRGB,D,,,,
SY1_C,10,YYBB,WRGB,D,,,,
SY1_C,10,YYBB,WRGB,D,,,,
SY1_C,10,YYBB,WRGB,C,,,,
SY1_C,10,YYBB,WRGB,B,,,,
SY1_C,10,WWYY,YBB-Y,D,,,,
ROAD_FLATS_SE,1,YGYG,/D,C,,,,
ROAD_FLATS_SE,1,YGYG,/D,B,,,,
ROAD_FLATS_SE,1,/D,YGYG,B,,,,
ROAD_FLATS_SE,1,YDWD,/D,C,,,,
ROAD_FLATS_SE,2,YBGG,/D,D,,,,
ROAD_FLATS_SE,2,YBGG,/D,B,,,,
ROAD_FLATS_SE,2,YBGG,YDWD,D,,,,
ROAD_FLATS_SE,2,YBGG,YDWD,B,,,,
ROAD_FLATS_SE,2,Y-BMBG,/D,D,,,,
ROAD_FLATS_SE,2,Y-BMBG,/D,D,,,,
ROAD_FLATS_SE,2,YDWD,YGYG,P,,,,
ROAD_FLATS_SE,3,YDWD,/D,D,,,,
ROAD_FLATS_SE,3,Y-BMBG,/D,D,,,,
ROAD_FLATS_SE,3,Y-BMBG,YGYG,P,,,,
ROAD_FLATS_SE,3,YBGG,/D,D,,,,
ROAD_FLATS_SE,3,/D,YDWD,D,,,,
ROAD_FLATS_SE,3,/D,YDWD,D,,,,
ROAD_FLATS_SE,4,GBGB,YGYG,P,,,,
ROAD_FLATS_SE,4,Y-BMBG,YDWD,D,,,,
ROAD_FLATS_SE,4,/D,YDWD,D,,,,
ROAD_FLATS_SE,4,YBGG,YGYG,P,,,,
ROAD_FLATS_SE,5,GBGB,YGYG,B,,,,
ROAD_FLATS_SE,5,GBGB,YGYG,B,,,,
ROAD_FLATS_SE,5,RRRR,YDWD,D,,,,
ROAD_FLATS_SE,5,Y-BMBG,YGYG,P,,,,
ROAD_FLATS_SE,5,YBGG,YDWD,P,,,,
ROAD_FLATS_SE,5,YBGG,Y-BMBG,P,,,,
ROAD_FLATS_SE,5,YBGG,Y-BMBG,D,,,,
ROAD_FLATS_SE,5,GBGB,YDWD,D,,,,
ROAD_FLATS_SE,6,YBGG,GBGB,P,,,,
ROAD_FLATS_SE,6,YBGG,YGYG,D,,,,
ROAD_FLATS_SE,6,YDWD,YGYG,P,,,,
ROAD_FLATS_SE,6,YBGG,Y-BMBG,D,,,,
ROAD_FLATS_SE,6,YBGG,/D,P,,,,
ROAD_FLATS_SE,6,YBGG,/D,P,,,,
ROAD_FLATS_SE,6,YBGG,/D,D,,,,
ROAD_FLATS_SE,7,Y-BMBG,YDWD,D,,,,
ROAD_FLATS_SE,7,Y-BMBG,YDWD,B,,,,
ROAD_FLATS_SE,7,Y-BMBG,RRRR,B,,,,
ROAD_FLATS_SE,7,RRRR,Y-BMBG,D,,,,
ROAD_FLATS_SE,7,RRRR,YDWD,D,,,,
ROAD_FLATS_SE,7,GBGB,YDWD,D,,,,
ROAD_FLATS_SE,7,GBGB,YGYG,P,,,,
ROAD_FLATS_SE,8,RRRR,YGYG,P,,,,
ROAD_FLATS_SE,8,RRRR,YDWD,D,,,,
ROAD_FLATS_SE,8,Y-BMBG,YGYG,P,,,,
ROAD_FLATS_SE,9,Y-BMBG,/D,P,,,,
ROAD_FLATS_SE,9,Y-BMBG,/D,D,,,,
ROAD_FLATS_SE,9,Y-BMBG,YGYG,P,,,,
ROAD_FLATS_SE,9,YBGG,YDWD,D,,,,
ROAD_FLATS_SE,9,GBGB,/D,P,,,,
ROAD_FLATS_SE,9,GBGB,/D,P,,,,
ROAD_FLATS_SE,9,GBGB,/D,D,,,,
ROAD_FLATS_SE,9,Y-BMBG,GBGB,D,,,,
ROAD_FLATS_SE,9,RRRR,YDWD,D,,,,
ROAD_FLATS_SE,9,YGYG,RRRR,D,,,,
ROAD_FLATS_SE,10,YBGG,/D,P,,,,
ROAD_FLATS_SE,10,Y-BMBG,YGYG,P,,,,
ROAD_FLATS_SE,10,Y-BMBG,YGYG,P,,,,
ROAD_FLATS_SE,10,YDWD,YGYG,P,,,,
ROAD_FLATS_SE,10,YDWD,YGYG,P,,,,
ROAD_FLATS_SE,10,YDWD,YBGG,D,,,,
ROAD_FLATS_SE,10,YBGG,YDWD,D,,,,
ROAD_FLATS_SE,10,GBGB,YDWD,D,,,,
ROAD_FLATS_SE,10,Y-BMBG,YGYG,P,,,,
ROAD_FLATS_SE,10,Y-BMBG,YGYG,D,,,,
NPB_S,1,GGWR,GWBW,P,,,,
NPB_S,1,GGWR,GWBW,D,,,,
NPB_S,1,GGWR,GWBW,B,,,,
NPB_S,1,GGWR,GWBW,B,,,,
NPB_S,1,GGWR,GWBW,B,,,,
NPB_S,1,YRYB,YBGY,D,,,,
NPB_S,1,YRYB,YBGY,D,,,,
NPB_S,1,YRYB,YBGY,B,,,,
NPB_S,1,YRYB,YBGY,B,,,,
NPB_S,1,/W,YNWB,P,,,,
NPB_S,1,/W,YNWB,P,,,,
NPB_S,1,/W,RBWN,P,,,,
NPB_S,2,GRYR,GWBW,D,,,,
NPB_S,2,GRYR,GWBW,D,,,,
NPB_S,2,GRYR,GWBW,C,,,,
NPB_S,2,GRYR,GWBW,C,,,,
NPB_S,2,GRYR,GWBW,B,,,,
NPB_S,2,GGWR,GRYR,D,,,,
NPB_S,2,GGWR,GRYR,D,,,,
NPB_S,2,GRYR,RBWN,P,,,,
NPB_S,2,GRYR,RBWN,C,,,,
NPB_S,2,GWBW,RBWN,D,,,,
NPB_S,2,GWBW,RBWN,B,,,,
NPB_S,2,YWRB,GWBW,D,,,,
NPB_S,2,YWRB,/B,P,,,,
NPB_S,2,YWRB,/B,D,,,,
NPB_S,2,YWRB,/B,D,,,,
NPB_S,2,YWRB,/B,D,,,,
NPB_S,2,YWRB,YNWB,B,,,,
NPB_S,2,YWRB,YNWB,B,,,,
NPB_S,2,YWRB,YNWB,B,,,,
NPB_S,2,RBWN,YNWB,C,,,,
NPB_S,2,YWRB,GRYR,D,,,,
NPB_S,2,YBGY,GWBW,P,,,,
NPB_S,3,YRYB,GWBW,P,,,,
NPB_S,3,GGWR,BBWW,B,,,,
NPB_S,3,GRYR,RBWN,P,,,,
NPB_S,3,GRYR,RBWN,C,,,,
NPB_S,3,GRYR,RBWN,C,,,,
NPB_S,3,BBWW,RBWN,P,,,,
NPB_S,3,GGWR,YRYB,D,,,,
NPB_S,3,GGWR,YBGY,D,,,,
NPB_S,3,GGWR,YBGY,B,,,,
NPB_S,3,GGWR,YBGY,B,,,,
NPB_S,3,GGWR,YBGY,B,,,,
NPB_S,3,GGWR,GWBW,P,,,,
NPB_S,3,GGWR,GWBW,B,,,,
NPB_S,3,YRYB,YBGY,D,,,,
NPB_S,3,YRYB,GWBW,P,,,,
NPB_S,3,YRYB,GWBW,C,,,,
NPB_S,3,YRYB,GWBW,B,,,,
NPB_S,3,YRYB,GWBW,B,,,,
NPB_S,3,YRYB,GWBW,B,,,,
NPB_S,3,GRYR,/B,D,,,,
NPB_S,3,GRYR,/B,D,,,,
NPB_S,3,/W,GWBW,P,,,,
NPB_S,3,YWRB,GRYR,D,,,,
NPB_S,3,YWRB,GRYR,B,,,,
NPB_S,4,/Y,RBWN,P,,,,
NPB_S,4,GRYR,RBWN,P,,,,
NPB_S,4,GRYR,GWBW,P,,,,
NPB_S,4,/B,RBWN,P,,,,
NPB_S,4,YRYB,RBWN,P,,,,
NPB_S,5,GRYR,GWBW,D,,,,
NPB_S,5,GRYR,GWBW,C,,,,
NPB_S,5,GRYR,GWBW,B,,,,
NPB_S,5,GRYR,GWBW,B,,,,
NPB_S,5,GGWR,GWBW,P,,,,
NPB_S,5,GGWR,GWBW,D,,,,
NPB_S,5,GGWR,GWBW,D,,,,
NPB_S,5,GGWR,GWBW,D,,,,
NPB_S,5,GGWR,GWBW,C,,,,
NPB_S,5,GGWR,GWBW,B,,,,
NPB_S,5,GGWR,GWBW,B,,,,
NPB_S,5,GGWR,YWRB,D,,,,
NPB_S,5,GGWR,/B,D,,,,
NPB_S,5,GGWR,/M,P,,,,
NPB_S,5,GGWR,/M,D,,,,
NPB_S,5,GGWR,/M,D,,,,
NPB_S,5,GGWR,RBWN,P,,,,
NPB_S,5,GGWR,RBWN,D,,,,
NPB_S,5,GWBW,RBWN,D,,,,
NPB_S,5,YWRB,/B,D,,,,
NPB_S,6,GGWR,YWRB,P,,,,
NPB_S,6,GGWR,YWRB,P,,,,
NPB_S,6,GGWR,YWRB,D,,,,
NPB_S,6,GGWR,YWRB,D,,,,
NPB_S,6,GGWR,YWRB,B,,,,
NPB_S,6,GGWR,YWRB,B,,,,
NPB_S,6,GGWR,YWRB,B,,,,
NPB_S,6,GGWR,YNWB,B,,,,
NPB_S,6,GGWR,YBGY,B,,,,
NPB_S,6,GGWR,YBGY,B,,,,
NPB_S,6,GGWR,YBGY,B,,,,
NPB_S,6,GGWR,YRYB,B,,,,
NPB_S,6,YWRB,GGWR,B,,,,
NPB_S,6,/W,YNWB,P,,,,
NPB_S,6,/W,YNWB,P,,,,
NPB_S,6,YWRB,RBWN,P,,,,
NPB_S,6,YWRB,RBWN,D,,,,
NPB_S,6,/B,GWBW,P,,,,
NPB_S,6,/B,YNWB,P,,,,
NPB_S,6,YWRB,YBGY,D,,,,
NPB_S,6,YWRB,YBGY,D,,,,
NPB_S,6,YWRB,YBGY,C,,,,
NPB_S,6,YWRB,RBWN,D,,,,
NPB_S,6,YWRB,RBWN,C,,,,
NPB_S,6,YWRB,/B,D,,,,
NPB_S,6,/B,RBWN,D,,,,
NPB_S,7,BBWW,GWBW,D,,,,
NPB_S,7,GGWR,GWBW,P,,,,
NPB_S,7,GGWR,GWBW,D,,,,
NPB_S,7,GGWR,GWBW,B,,,,
NPB_S,7,GGWR,GRYR,D,,,,
NPB_S,7,GGWR,YBGY,D,,,,
NPB_S,7,GGWR,YBGY,B,,,,
NPB_S,7,GRYR,YBGY,P,,,,
NPB_S,7,GRYR,YBGY,D,,,,
NPB_S,7,GRYR,YBGY,D,,,,
NPB_S,7,GRYR,YBGY,C,,,,
NPB_S,7,GRYR,YBGY,B,,,,
NPB_S,8,YWRB,RBWN,P,,,,
NPB_S,8,YWRB,GWBW,P,,,,
NPB_S,8,YWRB,GWBW,P,,,,
NPB_S,8,YWRB,GWBW,P,,,,
NPB_S,8,YWRB,GWBW,P,,,,
NPB_S,8,YWRB,GWBW,D,,,,
NPB_S,8,GGWR,GWBW,D,,,,
NPB_S,8,GGWR,GWBW,B,,,,
NPB_S,8,GGWR,YWRB,D,,,,
NPB_S,8,GGWR,YWRB,D,,,,
NPB_S,8,GGWR,YWRB,D,,,,
NPB_S,8,GGWR,YWRB,C,,,,
NPB_S,8,GGWR,YBGY,D,,,,
NPB_S,8,GGWR,YBGY,D,,,,
NPB_S,8,GGWR,YBGY,D,,,,
NPB_S,8,GGWR,YBGY,D,,,,
NPB_S,8,GGWR,YBGY,B,,,,
NPB_S,8,GGWR,/M,D,,,,
NPB_S,8,GGWR,/M,B,,,,
NPB_S,8,GGWR,/M,B,,,,
NPB_S,8,RBWN,/M,D,,,,
NPB_S,8,RBWN,/M,C,,,,
NPB_S,8,RBWN,/M,C,,,,
NPB_S,8,GGWR,/B,P,,,,
NPB_S,8,YWRB,/B,D,,,,
NPB_S,8,YWRB,/B,D,,,,
NPB_S,8,YWRB,/B,D,,,,
NPB_S,8,YWRB,/B,C,,,,
NPB_S,8,YWRB,/B,C,,,,
NPB_S,8,YBGY,GWBW,P,,,,
NPB_S,8,YWRB,YBGY,P,,,,
NPB_S,8,YWRB,YBGY,D,,,,
NPB_S,8,/B,GWBW,P,,,,
NPB_S,8,/B,RBWN,P,,,,
NPB_S,8,GWBW,RBWN,D,,,,
NPB_S,9,GGWR,/Y,D,,,,
NPB_S,9,GGWR,/Y,B,,,,
NPB_S,9,GGWR,GRYR,D,,,,
NPB_S,9,GGWR,GRYR,B,,,,
NPB_S,9,GGWR,RBWN,D,,,,
NPB_S,9,GGWR,YRYB,B,,,,
NPB_S,9,GGWR,YRYB,B,,,,
NPB_S,9,GGWR,YRYB,B,,,,
NPB_S,9,GGWR,YRYB,B,,,,
NPB_S,9,GGWR,YBGY,P,,,,
NPB_S,9,GGWR,YBGY,D,,,,
NPB_S,9,GRYR,YBGY,P,,,,
NPB_S,9,/B,RBWN,P,,,,
NPB_S,9,/B,RBWN,D,,,,
NPB_S,10,/B,RBWN,P,,,,
NPB_S,10,/B,GWBW,P,,,,
NPB_S,10,/B,GWBW,P,,,,
Hay_3W,1,WBWB,GNYN,D,,,,
Hay_3W,1,WBWB,GNYN,B,,,,
Hay_3W,1,GRRG,GGWY,D,,,,
Hay_3W,1,GRRG,GGWY,D,,,,
Hay_3W,1,GRRG,GGWY,D,,,,
Hay_3W,1,GRRG,GGWY,D,,,,
Hay_3W,1,GRRG,GGWY,D,,,,
Hay_3W,1,GRRG,GGWY,B,,,,
Hay_3W,1,GRRG,GGWY,B,,,,
Hay_3W,1,GRRG,GGWY,B,,,,
Hay_3W,1,GRRG,GGWY,B,,,,
Hay_3W,1,GRRG,GGWY,B,,,,
Hay_3W,1,GRRG,GGGG,D,,,,
Hay_3W,1,GRRG,GGGG,D,,,,
Hay_3W,1,GRRG,GGGG,D,,,,
Hay_3W,1,GRRG,GGGG,D,,,,
Hay_3W,1,GRRG,GGGG,B,,,,
Hay_3W,1,GRRG,GGGG,B,,,,
Hay_3W,1,GRRG,GGGG,B,,,,
Hay_3W,1,GRRG,RRBB,D,,,,
Hay_3W,1,GRRG,RRBB,C,,,,
Hay_3W,1,GGWY,RRBB,D,,,,
Hay_3W,1,GGWY,RRBB,D,,,,
Hay_3W,1,GGWY,RRBB,C,,,,
Hay_3W,1,GGGG,RRBB,D,,,,
Hay_3W,1,GGGG,RRBB,D,,,,
Hay_3W,1,GGGG,RRBB,C,,,,
Hay_3W,1,GGGG,RRBB,C,,,,
Hay_3W,1,WMWG,GGGG,D,,,,
Hay_3W,1,WMWG,GGGG,B,,,,
Hay_3W,1,WMWG,GGWY,D,,,,
Hay_3W,1,WMWG,GGWY,B,,,,
Hay_3W,1,WMWG,GRRG,D,,,,
Hay_3W,2,WNWN,GRRG,D,,,,
Hay_3W,2,WNWN,GRRG,D,,,,
Hay_3W,2,WNWN,WMWG,D,,,,
Hay_3W,2,WNWN,WMWG,D,,,,
Hay_3W,2,WNWN,WMWG,B,,,,
Hay_3W,2,WNWN,WMWG,B,,,,
Hay_3W,2,WNWN,WMWG,B,,,,
Hay_3W,2,WMWG,GGWY,D,,,,
Hay_3W,2,WMWG,GGWY,D,,,,
Hay_3W,2,WMWG,GGWY,B,,,,
Hay_3W,2,WMWG,GGWY,B,,,,
Hay_3W,2,WNWN,GGWY,D,,,,
Hay_3W,2,WNWN,GGWY,B,,,,
Hay_3W,2,GRRG,RRBB,D,,,,
Hay_3W,2,GRRG,RRBB,D,,,,
Hay_3W,2,GRRG,RRBB,D,,,,
Hay_3W,2,GRRG,RRBB,D,,,,
Hay_3W,2,GRRG,RRBB,C,,,,
Hay_3W,2,GRRG,RRBB,C,,,,
Hay_3W,2,GRRG,RRBB,C,,,,
Hay_3W,2,GRRG,RRBB,C,,,,
Hay_3W,2,GRRG,GGGG,D,,,,
Hay_3W,3,WNWN,GRRG,P,,,,
Hay_3W,3,WNWN,GRRG,D,,,,
Hay_3W,3,WNWN,GRRG,D,,,,
Hay_3W,3,WNWN,GRRG,D,,,,
Hay_3W,3,WNWN,GRRG,B,,,,
Hay_3W,3,GRRG,WNWN,B,,,,
Hay_3W,3,GRRG,GGWY,D,,,,
Hay_3W,3,GRRG,GGWY,B,,,,
Hay_3W,3,WMWG,GRRG,D,,,,
Hay_3W,3,WMWG,GRRG,D,,,,
Hay_3W,3,WMWG,GRRG,B,,,,
Hay_3W,3,GRRG,WMWG,B,,,,
Hay_3W,3,B/RG,GGGG,P,,,,
Hay_3W,3,B/RG,GGGG,D,,,,
Hay_3W,3,B/RG,GGGG,D,,,,
Hay_3W,3,WNWN,GNYN,P,,,,
Hay_3W,3,WNWN,GNYN,D,,,,
Hay_3W,4,WNWN,WRRW,P,,,,
Hay_3W,4,WNWN,WRRW,D,,,,
Hay_3W,4,WNWN,WMWG,P,,,,
Hay_3W,4,WNWN,WMWG,D,,,,
Hay_3W,4,WNWN,WMWG,B,,,,
Hay_3W,4,WNWN,GGWY,D,,,,
Hay_3W,4,WNWN,GGWY,B,,,,
Hay_3W,4,WNWN,GNYN,D,,,,
Hay_3W,4,WNWN,GNYN,B,,,,
Hay_3W,4,GRRG,GGWY,P,,,,
Hay_3W,4,GRRG,GGWY,D,,,,
Hay_3W,4,GRRG,GGWY,D,,,,
Hay_3W,4,GRRG,GGWY,D,,,,
Hay_3W,4,GRRG,GGWY,B,,,,
Hay_3W,4,GRRG,GNYN,P,,,,
Hay_3W,4,GRRG,B/RG,D,,,,
Hay_3W,4,GRRG,B/RG,B,,,,
Hay_3W,4,GRRG,GGYY,P,,,,
Hay_3W,4,GRRG,GGYY,D,,,,
Hay_3W,4,B/RG,GGGG,P,,,,
Hay_3W,4,B/RG,GGGG,D,,,,
Hay_3W,5,WNWN,WMWG,D,,,,
Hay_3W,5,WNWN,WMWG,B,,,,
Hay_3W,5,GGWY,GNYN,D,,,,
Hay_3W,5,GGWY,GNYN,B,,,,
Hay_3W,5,GGWY,B/RG,D,,,,
Hay_3W,5,GGWY,B/RG,D,,,,
Hay_3W,5,GGWY,B/RG,B,,,,
Hay_3W,5,GRRG,GGWY,D,,,,
Hay_3W,5,GRRG,B/RG,D,,,,
Hay_3W,6,WNWN,GRRG,P,,,,
Hay_3W,6,WNWN,GRRG,D,,,,
Hay_3W,6,WNWN,GRRG,D,,,,
Hay_3W,6,WNWN,GRRG,B,,,,
Hay_3W,6,GRRG,GNYN,D,,,,
Hay_3W,6,GRRG,GGWY,D,,,,
Hay_3W,6,GRRG,GGWY,D,,,,
Hay_3W,6,GRRG,GGWY,C,,,,
Hay_3W,6,GRRG,GGWY,C,,,,
Hay_3W,6,WMWG,GRRG,D,,,,
Hay_3W,6,WMWG,GGWY,P,,,,
Hay_3W,6,WMWG,GGWY,D,,,,
Hay_3W,6,WMWG,GGWY,D,,,,
Hay_3W,6,WMWG,GGWY,D,,,,
Hay_3W,6,WMWG,GGWY,B,,,,
Hay_3W,6,WMWG,GGWY,B,,,,
Hay_3W,6,WMWG,B/RG,P,,,,
Hay_3W,6,WMWG,B/RG,D,,,,
Hay_3W,6,WMWG,B/RG,D,,,,
Hay_3W,6,WMWG,B/RG,D,,,,
Hay_3W,6,WMWG,B/RG,B,,,,
Hay_3W,6,WMWG,B/RG,B,,,,
Hay_3W,7,GRRG,GNYN,B,,,,
Hay_3W,7,GRRG,GNYN,B,,,,
Hay_3W,7,WNWN,GRRG,D,,,,
Hay_3W,8,WNWN,GRRG,D,,,,
Hay_3W,8,WNWN,GRRG,B,,,,
Hay_3W,8,WNWN,GRRG,B,,,,
Hay_3W,8,WNWN,GRRG,B,,,,
Hay_3W,8,GRRG,WNWN,B,,,,
Hay_3W,8,GRRG,GGGG,D,,,,
Hay_3W,8,GRRG,GGGG,D,,,,
Hay_3W,8,GRRG,GGGG,C,,,,
Hay_3W,8,GNYN,GGWY,D,,,,
Hay_3W,8,GNYN,GGWY,B,,,,
Hay_3W,8,GNYN,GGWY,B,,,,
Hay_3W,8,B/RG,GGYY,B,,,,
Hay_3W,8,WMWG,GGYY,D,,,,
Hay_3W,8,WMWG,GGYY,D,,,,
Hay_3W,8,WMWG,B/RG,D,,,,
Hay_3W,8,WMWG,B/RG,B,,,,
Hay_3W,9,GRRG,GNYN,D,,,,
Hay_3W,9,GRRG,GNYN,B,,,,
Hay_3W,9,GRRG,GNYN,B,,,,
Hay_3W,9,GRRG,GNYN,B,,,,
Hay_3W,9,GRRG,GGGG,D,,,,
Hay_3W,9,WMWG,GGWY,B,,,,
Hay_3W,9,WMWG,GRRG,D,,,,
Hay_3W,9,GRRG,WMWG,B,,,,
Hay_3W,9,WMWG,WNWN,B,,,,
Hay_3W,9,WNWN,GGWY,B,,,,
Hay_3W,9,WNWN,GGWY,B,,,,
Hay_3W,9,WNWN,GGWY,B,,,,
Hay_3W,9,WNWN,GRRG,B,,,,
Hay_3W,9,GRRG,GGWY,B,,,,
Hay_3W,9,GRRG,GGWY,B,,,,
Hay_3W,9,WNWN,GGYY,D,,,,
Hay_3W,9,WNWN,GGYY,B,,,,
Hay_3W,9,WNWN,GGYY,B,,,,
Hay_3W,9,WNWN,GGYY,B,,,,
Hay_3W,9,WNWN,GGYY,B,,,,
Hay_3W,9,WNWN,GGYY,B,,,,
Hay_3W,9,WNWN,GGYY,B,,,,
Hay_3W,9,WNWN,GGYY,B,,,,
Hay_3W,9,GRRG,GGYY,D,,,,
Hay_3W,10,WNWN,GRRG,D,,,,
Hay_3W,10,WMWG,GGWY,D,,,,
Hay_3W,10,WMWG,GGWY,B,,,,
Hay_3W,10,WMWG,GGWY,B,,,,
Hay_3W,10,WMWG,GGWY,B,,,,
Hay_3W,10,GRRG,GGWY,D,,,,
Hay_3W,10,GRRG,GGWY,B,,,,
Hay_3W,10,GRRG,GGWY,B,,,,
Hay_3W,10,GRRG,GGWY,B,,,,
Hay_3W,10,GRRG,GGGG,D,,,,
Hay_3W,10,GGYY,B/RG,D,,,,
NPB_E,1,/Y,GBGG,D,,,,
NPB_E,1,YYYB,WNWR,D,,,,
NPB_E,2,YYYB,GBGG,D,,,,
NPB_E,2,WNWR,YRWB,C,,,,
NPB_E,2,WNWR,YRWB,C,,,,
NPB_E,2,GBGG,YRWB,D,,,,
NPB_E,2,WNWR,/M,P,,,,
NPB_E,2,WNWR,/M,D,,,,
NPB_E,2,WNWR,/M,B,,,,
NPB_E,2,/M,WNWR,P,,,,
NPB_E,2,WNWR,BGBN,D,,,,
NPB_E,3,YYYB,GBGG,D,,,,
NPB_E,3,/M,YRWB,D,,,,
NPB_E,3,/M,YYYB,D,,,,
NPB_E,3,YYYB,/M,D,,,,
NPB_E,3,WNWR,YRWB,D,,,,
NPB_E,3,YRWB,BGBN,D,,,,
NPB_E,4,WNWR,BGBN,D,,,,
NPB_E,4,/Y,GBGG,D,,,,
NPB_E,4,WNWR,/Y,P,,,,
NPB_E,4,WNWR,YRWB,D,,,,
NPB_E,4,WNWR,YRWB,C,,,,
NPB_E,4,BGBN,YRWB,D,,,,
NPB_E,4,YRWB,/Y,D,,,,
NPB_E,4,YRWB,/Y,C,,,,
NPB_E,4,YRWB,BGBN,D,,,,
NPB_E,5,WNWR,YYYB,D,,,,
NPB_E,5,YYYB,WNWR,D,,,,
NPB_E,5,WNWR,BGBN,P,,,,
NPB_E,6,/Y,BGBN,D,,,,
NPB_E,6,/M,WNWR,D,,,,
NPB_E,6,/M,BGBN,P,,,,
NPB_E,6,GBGG,BGBN,D,,,,
NPB_E,6,GBGG,BGBN,C,,,,
NPB_E,6,YYYB,GBGG,D,,,,
NPB_E,7,YRWB,/M,D,,,,
NPB_E,7,WNWR,/Y,D,,,,
NPB_E,7,WNWR,/Y,C,,,,
NPB_E,7,WNWR,/M,D,,,,
NPB_E,7,WNWR,/M,C,,,,
NPB_E,8,WNWR,BGBN,D,,,,
NPB_E,8,/G,/M,B,,,,
NPB_E,8,YYYB,/G,P,,,,
NPB_E,8,YYYB,/G,D,,,,
NPB_E,8,YYYB,/G,B,,,,
NPB_E,8,WNWR,/G,P,,,,
NPB_E,9,WNWR,BGBN,D,,,,
NPB_E,9,WNWR,/M,D,,,,
NPB_E,10,WNWR,/Y,D,,,,
NPB_E,10,GBGG,WNWR,D,,,,
NPB_E,10,/M,BGBN,P,,,,
NPB_E,10,WNWR,/M,D,,,,
NPB_E,10,GBGG,/M,D,,,,
NPB_E,10,/Y,BGBN,P,,,,
WEST_CAMP_NW,1,B-RMBW,YGBB,D,,,,
WEST_CAMP_NW,2,UB1,YNBN,D,,,,
WEST_CAMP_NW,2,UB1,YNBN,D,,,,
WEST_CAMP_NW,2,UB1,YNBN,B,,,,
WEST_CAMP_NW,2,UB1,UB2,D,,,,
WEST_CAMP_NW,2,UB1,UB2,D,,,,
WEST_CAMP_NW,2,UB1,YGYW,D,,,,
WEST_CAMP_NW,2,UB1,YGYW,D,,,,
WEST_CAMP_NW,2,UB1,YGYW,B,,,,
WEST_CAMP_NW,2,UB1,YGYW,B,,,,
WEST_CAMP_NW,2,UB1,RGYG,D,,,,
WEST_CAMP_NW,2,UB1,RGYG,D,,,,
WEST_CAMP_NW,2,UB1,RGYG,B,,,,
WEST_CAMP_NW,2,UB1,RGYG,B,,,,
WEST_CAMP_NW,2,UB1,B-RMBW,D,,,,
WEST_CAMP_NW,2,UB1,B-RMBW,B,,,,
WEST_CAMP_NW,2,B-RMBW,YGBB,D,,,,
WEST_CAMP_NW,3,YGYW,YNBN,D,,,,
WEST_CAMP_NW,3,YGYW,YGBB,D,,,,
WEST_CAMP_NW,3,UB1,RGYG,D,,,,
WEST_CAMP_NW,3,UB1,RGYG,D,,,,
WEST_CAMP_NW,3,UB1,RGYG,B,,,,
WEST_CAMP_NW,3,UB1,RGYG,B,,,,
WEST_CAMP_NW,3,B-RMBW,UB1,D,,,,
WEST_CAMP_NW,3,UB1,UB2,D,,,,
WEST_CAMP_NW,3,RGYG,YGYW,D,,,,
WEST_CAMP_NW,3,RNBY,YGYW,P,,,,
WEST_CAMP_NW,4,RNBY,RGYG,D,,,,
WEST_CAMP_NW,4,UB1,RGYG,P,,,,
WEST_CAMP_NW,4,UB1,RGYG,D,,,,
WEST_CAMP_NW,4,UB1,RGYG,D,,,,
WEST_CAMP_NW,4,UB1,RGYG,D,,,,
WEST_CAMP_NW,4,GGYR,RGYG,P,,,,
WEST_CAMP_NW,4,GGYR,RGYG,P,,,,
WEST_CAMP_NW,4,GGYR,RGYG,P,,,,
WEST_CAMP_NW,4,GGYR,RGYG,D,,,,
WEST_CAMP_NW,4,GGYR,RGYG,D,,,,
WEST_CAMP_NW,4,GGYR,RGYG,D,,,,
WEST_CAMP_NW,4,GGYR,RGYG,D,,,,
WEST_CAMP_NW,4,GGYR,RGYG,B,,,,
WEST_CAMP_NW,4,GGYR,YNBN,P,,,,
WEST_CAMP_NW,4,GGYR,YNBN,D,,,,
WEST_CAMP_NW,4,GGYR,YNBN,D,,,,
WEST_CAMP_NW,4,GGYR,YNBN,B,,,,
WEST_CAMP_NW,5,M/R,YNBN,D,,,,
WEST_CAMP_NW,5,M/R,RGYG,D,,,,
WEST_CAMP_NW,5,UB1,UB2,D,,,,
WEST_CAMP_NW,5,UB1,UB2,D,,,,
WEST_CAMP_NW,5,UB1,UB2,B,,,,
WEST_CAMP_NW,5,UB1,YNBN,D,,,,
WEST_CAMP_NW,5,UB1,YNBN,B,,,,
WEST_CAMP_NW,6,GGYR,UB1,D,,,,
WEST_CAMP_NW,6,GGYR,UB1,D,,,,
WEST_CAMP_NW,6,GGYR,UB1,B,,,,
WEST_CAMP_NW,6,GGYR,UB1,B,,,,
WEST_CAMP_NW,6,GGYR,UB1,B,,,,
WEST_CAMP_NW,6,UB1,GGYR,B,,,,
WEST_CAMP_NW,6,GGYR,YGYW,P,,,,
WEST_CAMP_NW,6,GGYR,YGYW,P,,,,
WEST_CAMP_NW,6,GGYR,YGYW,D,,,,
WEST_CAMP_NW,6,GGYR,YGYW,B,,,,
WEST_CAMP_NW,6,RGYG,GGYR,C,,,,
WEST_CAMP_NW,6,RGYG,GGYR,B,,,,
WEST_CAMP_NW,6,UB1,GGYR,D,,,,
WEST_CAMP_NW,6,UB1,GGYR,C,,,,
WEST_CAMP_NW,6,RNBY,GGYR,D,,,,
WEST_CAMP_NW,6,RNBY,GGYR,B,,,,
WEST_CAMP_NW,6,UB1,YNBN,D,,,,
WEST_CAMP_NW,6,UB1,YNBN,B,,,,
WEST_CAMP_NW,6,GGYR,W-MGBG,D,,,,
WEST_CAMP_NW,6,GGYR,W-MGBG,B,,,,
WEST_CAMP_NW,6,GGYR,B-RMBW,D,,,,
WEST_CAMP_NW,6,GGYR,B-RMBW,B,,,,
WEST_CAMP_NW,6,W-MGBG,RGYG,D,,,,
WEST_CAMP_NW,6,W-MGBG,RGYG,C,,,,
WEST_CAMP_NW,6,W-MGBG,YNBN,D,,,,
WEST_CAMP_NW,6,W-MGBG,YNBN,B,,,,
WEST_CAMP_NW,6,W-MGBG,B-RMBW,D,,,,
WEST_CAMP_NW,6,W-MGBG,B-RMBW,D,,,,
WEST_CAMP_NW,6,W-MGBG,B-RMBW,D,,,,
WEST_CAMP_NW,6,W-MGBG,B-RMBW,C,,,,
WEST_CAMP_NW,6,W-MGBG,B-RMBW,C,,,,
WEST_CAMP_NW,7,GGYR,YNBN,D,,,,
WEST_CAMP_NW,7,GGYR,YNBN,B,,,,
WEST_CAMP_NW,7,GGYR,UB1,D,,,,
WEST_CAMP_NW,7,GGYR,UB1,D,,,,
WEST_CAMP_NW,7,GGYR,UB1,B,,,,
WEST_CAMP_NW,7,GGYR,UB1,B,,,,
WEST_CAMP_NW,7,GGYR,RGYG,D,,,,
WEST_CAMP_NW,7,GGYR,RGYG,B,,,,
WEST_CAMP_NW,7,GGYR,YGYW,D,,,,
WEST_CAMP_NW,7,GGYR,YGYW,B,,,,
WEST_CAMP_NW,7,UB1,YNBN,D,,,,
WEST_CAMP_NW,7,UB1,YNBN,B,,,,
WEST_CAMP_NW,7,B-RMBW,RGYG,D,,,,
WEST_CAMP_NW,7,B-RMBW,RGYG,D,,,,
WEST_CAMP_NW,7,B-RMBW,RGYG,D,,,,
WEST_CAMP_NW,7,B-RMBW,RGYG,B,,,,
WEST_CAMP_NW,7,B-RMBW,RGYG,B,,,,
WEST_CAMP_NW,7,B-RMBW,RGYG,B,,,,
WEST_CAMP_NW,7,B-RMBW,RGYG,B,,,,
WEST_CAMP_NW,7,GGYR,W-MGBG,D,,,,
WEST_CAMP_NW,7,GGYR,W-MGBG,D,,,,
WEST_CAMP_NW,7,GGYR,W-MGBG,D,,,,
WEST_CAMP_NW,7,GGYR,W-MGBG,B,,,,
WEST_CAMP_NW,7,GGYR,W-MGBG,B,,,,
WEST_CAMP_NW,7,W-MGBG,UB1,D,,,,
WEST_CAMP_NW,7,W-MGBG,UB1,C,,,,
WEST_CAMP_NW,7,W-MGBG,UB1,B,,,,
WEST_CAMP_NW,7,W-MGBG,RGYG,D,,,,
WEST_CAMP_NW,7,W-MGBG,RGYG,B,,,,
WEST_CAMP_NW,7,YNBN,W-MGBG,C,,,,
WEST_CAMP_NW,7,GGYR,B-RMBW,D,,,,
WEST_CAMP_NW,7,GGYR,B-RMBW,B,,,,
WEST_CAMP_NW,7,W-MGBG,B-RMBW,D,,,,
WEST_CAMP_NW,7,UB1,YGBB,D,,,,
WEST_CAMP_NW,7,UB1,YGBB,B,,,,
WEST_CAMP_NW,7,UB1,B-RMBW,D,,,,
WEST_CAMP_NW,7,UB1,B-RMBW,D,,,,
WEST_CAMP_NW,7,UB1,B-RMBW,C,,,,
WEST_CAMP_NW,7,UB1,B-RMBW,B,,,,
WEST_CAMP_NW,7,UB1,YGYW,D,,,,
WEST_CAMP_NW,7,UB1,YGYW,C,,,,
WEST_CAMP_NW,8,UB1,UB2,D,,,,
WEST_CAMP_NW,8,UB1,UB2,B,,,,
WEST_CAMP_NW,8,GGYR,RNBY,D,,,,
WEST_CAMP_NW,8,GGYR,RNBY,B,,,,
WEST_CAMP_NW,8,GGYR,RGYG,D,,,,
WEST_CAMP_NW,8,GGYR,RGYG,B,,,,
WEST_CAMP_NW,8,GGYR,B-RMBW,D,,,,
WEST_CAMP_NW,8,GGYR,B-RMBW,D,,,,
WEST_CAMP_NW,8,GGYR,B-RMBW,B,,,,
WEST_CAMP_NW,8,GGYR,B-RMBW,B,,,,
WEST_CAMP_NW,8,GGYR,YGYW,D,,,,
WEST_CAMP_NW,8,GGYR,YGYW,B,,,,
WEST_CAMP_NW,8,GGYR,YGYW,B,,,,
WEST_CAMP_NW,8,W-MGBG,YGYW,D,,,,
WEST_CAMP_NW,8,W-MGBG,YGYW,D,,,,
WEST_CAMP_NW,8,W-MGBG,YGYW,C,,,,
WEST_CAMP_NW,8,W-MGBG,YGYW,B,,,,
WEST_CAMP_NW,8,W-MGBG,M/R,D,,,,
WEST_CAMP_NW,8,W-MGBG,M/R,B,,,,
WEST_CAMP_NW,8,W-MGBG,B-RMBW,D,,,,
WEST_CAMP_NW,8,W-MGBG,RNBY,B,,,,
WEST_CAMP_NW,8,RNBY,W-MGBG,B,,,,
WEST_CAMP_NW,8,GGYR,W-MGBG,D,,,,
WEST_CAMP_NW,8,GGYR,W-MGBG,B,,,,
WEST_CAMP_NW,8,GGYR,W-MGBG,B,,,,
WEST_CAMP_NW,8,W-MGBG,GGYR,B,,,,
WEST_CAMP_NW,9,W-MGBG,RGYG,B,,,,
WEST_CAMP_NW,9,RNBY,RGYG,D,,,,
WEST_CAMP_NW,9,RNBY,RGYG,B,,,,
WEST_CAMP_NW,9,W-MGBG,B-RMBW,D,,,,
WEST_CAMP_NW,9,GGYR,YNBN,D,,,,
WEST_CAMP_NW,9,GGYR,YNBN,C,,,,
WEST_CAMP_NW,9,GGYR,UB1,D,,,,
WEST_CAMP_NW,10,GGYR,RNBY,D,,,,
WEST_CAMP_NW,10,GGYR,RNBY,D,,,,
WEST_CAMP_NW,10,GGYR,RNBY,B,,,,
WEST_CAMP_NW,10,GGYR,RNBY,B,,,,
WEST_CAMP_NW,10,GGYR,YGYW,D,,,,
WEST_CAMP_NW,10,GGYR,YGYW,B,,,,
WEST_CAMP_NW,10,GGYR,YGBB,D,,,,
WEST_CAMP_NW,10,GGYR,YGBB,D,,,,
WEST_CAMP_NW,10,GGYR,YGBB,D,,,,
WEST_CAMP_NW,10,GGYR,YGBB,B,,,,
WEST_CAMP_NW,10,GGYR,YGBB,B,,,,
WEST_CAMP_NW,10,B-RMBW,YGBB,D,,,,
WEST_CAMP_NW,10,B-RMBW,YGBB,B,,,,
WEST_CAMP_NW,10,GGYR,B-RMBW,D,,,,
WEST_CAMP_NW,10,GGYR,B-RMBW,D,,,,
WEST_CAMP_NW,10,GGYR,B-RMBW,D,,,,
WEST_CAMP_NW,10,GGYR,B-RMBW,D,,,,
WEST_CAMP_NW,10,GGYR,B-RMBW,B,,,,
WEST_CAMP_NW,10,GGYR,B-RMBW,B,,,,
WEST_CAMP_NW,10,GGYR,B-RMBW,B,,,,
WEST_CAMP_NW,10,GGYR,RGYG,D,,,,
WEST_CAMP_NW,10,GGYR,RGYG,D,,,,
WEST_CAMP_NW,10,GGYR,RGYG,B,,,,
WEST_CAMP_NW,10,GGYR,RGYG,B,,,,
WEST_CAMP_NW,10,WYYY,YGBB,P,,,,
WEST_CAMP_NW,10,WYYY,YGBB,D,,,,
WEST_CAMP_NW,10,GGYR,WYYY,D,,,,
WEST_CAMP_NW,10,GGYR,WYYY,D,,,,
WEST_CAMP_NW,10,GGYR,WYYY,D,,,,
WEST_CAMP_NW,10,GGYR,WYYY,B,,,,
WEST_CAMP_NW,10,GGYR,WYYY,B,,,,
WEST_CAMP_NW,10,GGYR,YNBN,D,,,,
WEST_CAMP_NW,10,UB1,RGYG,D,,,,
WEST_CAMP_NW,10,UB1,RGYG,D,,,,
WEST_CAMP_NW,10,UB1,RGYG,D,,,,
WEST_CAMP_NW,10,UB1,RGYG,D,,,,
WEST_CAMP_NW,10,UB1,RGYG,B,,,,
WEST_CAMP_NW,10,UB1,RGYG,B,,,,
WEST_CAMP_NW,10,RNBY,WYYY,D,,,,
WEST_CAMP_NW,10,RNBY,RGYG,D,,,,
WEST_CAMP_NW,10,RNBY,RGYG,B,,,,
WEST_CAMP_NW,10,RNBY,UB1,D,,,,
WEST_CAMP_NW,10,RNBY,UB1,B,,,,
WEST_CAMP_NW,10,UB1,UB2,D,,,,
WEST_CAMP_NW,10,UB1,UB2,B,,,,
WEST_CAMP_NW,10,UB1,YGBB,D,,,,
WEST_CAMP_NW,10,UB1,YGBB,B,,,,
WEST_CAMP_NW,10,UB1,WYYY,D,,,,
WEST_CAMP_NW,10,UB1,WYYY,B,,,,
EAST_CAMP_SE,1,BBWN,WWYN,B,,,,
EAST_CAMP_SE,1,GYRN,RNBN,B,,,,
EAST_CAMP_SE,1,N-R/WR,WWYN,C,,,,
EAST_CAMP_SE,1,N-R/WR,WWYN,B,,,,
EAST_CAMP_SE,1,RNBN,N-R/WR,D,,,,
EAST_CAMP_SE,1,RNBN,N-R/WR,B,,,,
EAST_CAMP_SE,1,GYRN,NWRG,D,,,,
EAST_CAMP_SE,1,GYRN,NWRG,B,,,,
EAST_CAMP_SE,1,GYRN,BBWN,B,,,,
EAST_CAMP_SE,1,GYRN,RW/R,D,,,,
EAST_CAMP_SE,1,GYRN,RW/R,B,,,,
EAST_CAMP_SE,2,BBWN,WNRN,D,,,,
EAST_CAMP_SE,2,GWBG,WWYN,D,,,,
EAST_CAMP_SE,2,GWBG,RYWB,D,,,,
EAST_CAMP_SE,2,GYRN,WNRN,D,,,,
EAST_CAMP_SE,2,N-R/WR,WWYN,D,,,,
EAST_CAMP_SE,2,N-R/WR,RYWB,D,,,,
EAST_CAMP_SE,2,WNRN,RYWB,D,,,,
EAST_CAMP_SE,2,WNRN,RYWB,D,,,,
EAST_CAMP_SE,2,WNRN,RYWB,B,,,,
EAST_CAMP_SE,2,WNRN,WWYN,D,,,,
EAST_CAMP_SE,2,WNRN,WWYN,D,,,,
EAST_CAMP_SE,2,WNRN,WWYN,B,,,,
EAST_CAMP_SE,3,GYRN,RYWB,D,,,,
EAST_CAMP_SE,3,GYRN,RYWB,B,,,,
EAST_CAMP_SE,3,GYRN,RNBN,B,,,,
EAST_CAMP_SE,3,GYRN,RNBN,B,,,,
EAST_CAMP_SE,3,RNBN,GYRN,D,,,,
EAST_CAMP_SE,3,RNBN,GYRN,B,,,,
EAST_CAMP_SE,3,RNBN,GYRN,B,,,,
EAST_CAMP_SE,3,RNBN,WWYN,B,,,,
EAST_CAMP_SE,3,WNRN,RYWB,D,,,,
EAST_CAMP_SE,3,WNRN,RYWB,D,,,,
EAST_CAMP_SE,3,WNRN,RYWB,B,,,,
EAST_CAMP_SE,3,WNRN,RYWB,B,,,,
EAST_CAMP_SE,3,WNRN,GNWR,D,,,,
EAST_CAMP_SE,3,WNRN,GNWR,B,,,,
EAST_CAMP_SE,3,WNRN,NWRG,D,,,,
EAST_CAMP_SE,3,WNRN,NWRG,B,,,,
EAST_CAMP_SE,3,WNRN,WWYN,D,,,,
EAST_CAMP_SE,3,WNRN,WWYN,B,,,,
EAST_CAMP_SE,3,WNRN,RW/R,D,,,,
EAST_CAMP_SE,3,WNRN,RW/R,D,,,,
EAST_CAMP_SE,3,WNRN,RW/R,B,,,,
EAST_CAMP_SE,3,WNRN,RW/R,B,,,,
EAST_CAMP_SE,3,WNRN,GWBG,D,,,,
EAST_CAMP_SE,3,WNRN,GWBG,B,,,,
EAST_CAMP_SE,3,GYRN,BBWN,D,,,,
EAST_CAMP_SE,3,GYRN,BBWN,D,,,,
EAST_CAMP_SE,3,GYRN,BBWN,B,,,,
EAST_CAMP_SE,3,GYRN,GNWR,D,,,,
EAST_CAMP_SE,3,GYRN,GNWR,D,,,,
EAST_CAMP_SE,3,GYRN,GNWR,B,,,,
EAST_CAMP_SE,3,GYRN,GNWR,B,,,,
EAST_CAMP_SE,3,GYRN,GWBG,D,,,,
EAST_CAMP_SE,3,GYRN,GWBG,B,,,,
EAST_CAMP_SE,3,RW/R,GNWR,D,,,,
EAST_CAMP_SE,3,BBWN,GNWR,B,,,,
EAST_CAMP_SE,3,BBWN,GNWR,B,,,,
EAST_CAMP_SE,4,GYRN,RYWB,D,,,,
EAST_CAMP_SE,4,GYRN,RYWB,B,,,,
EAST_CAMP_SE,4,GYRN,BBWN,D,,,,
EAST_CAMP_SE,4,GYRN,BBWN,B,,,,
EAST_CAMP_SE,4,GWBG,WWYN,D,,,,
EAST_CAMP_SE,4,GWBG,NWRG,D,,,,
EAST_CAMP_SE,4,RNBN,GWBG,D,,,,
EAST_CAMP_SE,4,RNBN,GWBG,B,,,,
EAST_CAMP_SE,4,RNBN,NWRG,D,,,,
EAST_CAMP_SE,4,RNBN,NWRG,B,,,,
EAST_CAMP_SE,4,WNRN,RW/R,D,,,,
EAST_CAMP_SE,4,WNRN,RW/R,B,,,,
EAST_CAMP_SE,4,RNBN,WNRN,D,,,,
EAST_CAMP_SE,4,RNBN,WNRN,B,,,,
EAST_CAMP_SE,4,WNRN,WWYN,P,,,,
EAST_CAMP_SE,4,WNRN,WWYN,D,,,,
EAST_CAMP_SE,4,WNRN,WWYN,D,,,,
EAST_CAMP_SE,4,WNRN,WWYN,D,,,,
EAST_CAMP_SE,4,WNRN,WWYN,C,,,,
EAST_CAMP_SE,4,WNRN,WWYN,B,,,,
EAST_CAMP_SE,4,WNRN,WWYN,B,,,,
EAST_CAMP_SE,4,WNRN,GYRN,D,,,,
EAST_CAMP_SE,4,WNRN,GYRN,D,,,,
EAST_CAMP_SE,4,WNRN,GYRN,B,,,,
EAST_CAMP_SE,4,GYRN,WWYN,P,,,,
EAST_CAMP_SE,4,GYRN,WWYN,D,,,,
EAST_CAMP_SE,4,GYRN,WWYN,D,,,,
EAST_CAMP_SE,4,GYRN,WWYN,C,,,,
EAST_CAMP_SE,4,GYRN,WWYN,B,,,,
EAST_CAMP_SE,4,WNRN,GNWR,D,,,,
EAST_CAMP_SE,4,WNRN,GNWR,D,,,,
EAST_CAMP_SE,4,WNRN,GNWR,B,,,,
EAST_CAMP_SE,4,WNRN,GNWR,B,,,,
EAST_CAMP_SE,4,WNRN,RGW-G,D,,,,
EAST_CAMP_SE,4,WNRN,RGW-G,B,,,,
EAST_CAMP_SE,4,WWYN,GNWR,D,,,,
EAST_CAMP_SE,4,WWYN,GNWR,C,,,,
EAST_CAMP_SE,4,WNRN,G-BM/G,D,,,,
EAST_CAMP_SE,4,WNRN,G-BM/G,D,,,,
EAST_CAMP_SE,4,WNRN,G-BM/G,C,,,,
EAST_CAMP_SE,4,WNRN,G-BM/G,C,,,,
EAST_CAMP_SE,4,WNRN,G-BM/G,B,,,,
EAST_CAMP_SE,4,WNRN,G-BM/G,B,,,,
EAST_CAMP_SE,4,RW/R,RGW-G,D,,,,
EAST_CAMP_SE,4,RW/R,RGW-G,B,,,,
EAST_CAMP_SE,5,RW/R,GYRN,D,,,,
EAST_CAMP_SE,5,RW/R,GYRN,B,,,,
EAST_CAMP_SE,5,WNRN,RYWB,D,,,,
EAST_CAMP_SE,5,WNRN,RYWB,D,,,,
EAST_CAMP_SE,5,WNRN,RYWB,D,,,,
EAST_CAMP_SE,5,WNRN,RYWB,D,,,,
EAST_CAMP_SE,5,WNRN,RYWB,B,,,,
EAST_CAMP_SE,5,WNRN,RYWB,B,,,,
EAST_CAMP_SE,5,WNRN,RYWB,B,,,,
EAST_CAMP_SE,5,WNRN,RNBN,D,,,,
EAST_CAMP_SE,5,WNRN,RNBN,C,,,,
EAST_CAMP_SE,5,RNBN,RYWB,D,,,,
EAST_CAMP_SE,5,RNBN,RYWB,D,,,,
EAST_CAMP_SE,5,RNBN,RYWB,B,,,,
EAST_CAMP_SE,5,RNBN,WNRN,B,,,,
EAST_CAMP_SE,5,WNRN,G-BM/G,D,,,,
EAST_CAMP_SE,5,WNRN,G-BM/G,C,,,,
EAST_CAMP_SE,5,GYRN,GNWR,D,,,,
EAST_CAMP_SE,5,GYRN,GNWR,D,,,,
EAST_CAMP_SE,5,GYRN,GNWR,B,,,,
EAST_CAMP_SE,5,GYRN,GNWR,B,,,,
EAST_CAMP_SE,5,GYRN,N-R/WR,D,,,,
EAST_CAMP_SE,5,GYRN,N-R/WR,B,,,,
EAST_CAMP_SE,5,WNRN,GYRN,D,,,,
EAST_CAMP_SE,5,WNRN,GYRN,C,,,,
EAST_CAMP_SE,5,WNRN,WWYN,D,,,,
EAST_CAMP_SE,5,WNRN,WWYN,D,,,,
EAST_CAMP_SE,5,WNRN,WWYN,D,,,,
EAST_CAMP_SE,5,WNRN,WWYN,B,,,,
EAST_CAMP_SE,5,WNRN,WWYN,B,,,,
EAST_CAMP_SE,5,WNRN,WWYN,B,,,,
EAST_CAMP_SE,5,WNRN,WWYN,B,,,,
EAST_CAMP_SE,5,WNRN,NWRG,D,,,,
EAST_CAMP_SE,5,WNRN,NWRG,B,,,,
EAST_CAMP_SE,5,WNRN,GWBG,D,,,,
EAST_CAMP_SE,5,WNRN,GWBG,B,,,,
EAST_CAMP_SE,5,WNRN,GNWR,D,,,,
EAST_CAMP_SE,5,WNRN,GNWR,D,,,,
EAST_CAMP_SE,5,WNRN,GNWR,D,,,,
EAST_CAMP_SE,5,WNRN,GNWR,B,,,,
EAST_CAMP_SE,5,WNRN,GNWR,B,,,,
EAST_CAMP_SE,5,WNRN,GNWR,B,,,,
EAST_CAMP_SE,5,WNRN,RGW-G,D,,,,
EAST_CAMP_SE,5,WNRN,RGW-G,B,,,,
EAST_CAMP_SE,5,GYRN,WWYN,D,,,,
EAST_CAMP_SE,5,GYRN,WWYN,B,,,,
EAST_CAMP_SE,6,BBWN,WWYN,D,,,,
EAST_CAMP_SE,6,BBWN,WWYN,B,,,,
EAST_CAMP_SE,6,RNBN,BBWN,D,,,,
EAST_CAMP_SE,6,RNBN,BBWN,B,,,,
EAST_CAMP_SE,6,RNBN,WNRN,D,,,,
EAST_CAMP_SE,6,RNBN,WNRN,D,,,,
EAST_CAMP_SE,6,RNBN,WNRN,B,,,,
EAST_CAMP_SE,6,RNBN,WNRN,B,,,,
EAST_CAMP_SE,6,WNRN,G-BM/G,D,,,,
EAST_CAMP_SE,6,WNRN,G-BM/G,C,,,,
EAST_CAMP_SE,6,RNBN,WWYN,D,,,,
EAST_CAMP_SE,6,WNRN,RYWB,D,,,,
EAST_CAMP_SE,6,WNRN,RYWB,C,,,,
EAST_CAMP_SE,6,WNRN,GYRN,D,,,,
EAST_CAMP_SE,6,WNRN,GYRN,D,,,,
EAST_CAMP_SE,6,WNRN,GYRN,C,,,,
EAST_CAMP_SE,6,GYRN,RW/R,D,,,,
EAST_CAMP_SE,6,GYRN,RW/R,B,,,,
EAST_CAMP_SE,6,WNRN,RW/R,D,,,,
EAST_CAMP_SE,6,WNRN,RW/R,C,,,,
EAST_CAMP_SE,6,WNRN,GNWR,D,,,,
EAST_CAMP_SE,6,WNRN,GNWR,C,,,,
EAST_CAMP_SE,6,WNRN,GNWR,B,,,,
EAST_CAMP_SE,7,RNBN,WNRN,D,,,,
EAST_CAMP_SE,7,RNBN,WNRN,D,,,,
EAST_CAMP_SE,7,RNBN,WNRN,D,,,,
EAST_CAMP_SE,7,RNBN,WNRN,D,,,,
EAST_CAMP_SE,7,RNBN,WNRN,C,,,,
EAST_CAMP_SE,7,RNBN,WNRN,B,,,,
EAST_CAMP_SE,7,RNBN,WNRN,B,,,,
EAST_CAMP_SE,7,RNBN,WNRN,B,,,,
EAST_CAMP_SE,7,WNRN,GNWR,D,,,,
EAST_CAMP_SE,7,WNRN,GNWR,B,,,,
EAST_CAMP_SE,7,RNBN,GYRN,D,,,,
EAST_CAMP_SE,7,WNRN,GNWR,D,,,,
EAST_CAMP_SE,7,WNRN,WWYN,D,,,,
EAST_CAMP_SE,7,WNRN,WWYN,D,,,,
EAST_CAMP_SE,7,WNRN,WWYN,C,,,,
EAST_CAMP_SE,8,RNBN,RW/R,D,,,,
EAST_CAMP_SE,8,RNBN,RW/R,B,,,,
EAST_CAMP_SE,8,RNBN,WNRN,B,,,,
EAST_CAMP_SE,8,WNRN,RYWB,D,,,,
EAST_CAMP_SE,8,WNRN,RYWB,C,,,,
EAST_CAMP_SE,8,WNRN,GYRN,D,,,,
EAST_CAMP_SE,8,WNRN,GYRN,C,,,,
EAST_CAMP_SE,8,WNRN,GWBG,D,,,,
EAST_CAMP_SE,8,WNRN,GWBG,C,,,,
EAST_CAMP_SE,8,GYRN,GNWR,D,,,,
EAST_CAMP_SE,8,GYRN,GNWR,C,,,,
EAST_CAMP_SE,8,WNRN,RNBN,D,,,,
EAST_CAMP_SE,8,WNRN,RYWB,D,,,,
EAST_CAMP_SE,8,WNRN,RYWB,C,,,,
EAST_CAMP_SE,8,WNRN,WWYN,D,,,,
EAST_CAMP_SE,8,WNRN,WWYN,C,,,,
EAST_CAMP_SE,8,WNRN,WWYN,B,,,,
EAST_CAMP_SE,8,WNRN,GYRN,D,,,,
EAST_CAMP_SE,9,WNRN,GYRN,D,,,,
EAST_CAMP_SE,9,WNRN,GYRN,C,,,,
EAST_CAMP_SE,9,WNRN,GNWR,D,,,,
EAST_CAMP_SE,9,WNRN,GNWR,B,,,,
EAST_CAMP_SE,9,N-R/WR,RYWB,D,,,,
EAST_CAMP_SE,9,N-R/WR,RYWB,D,,,,
EAST_CAMP_SE,9,N-R/WR,RYWB,B,,,,
EAST_CAMP_SE,9,N-R/WR,G-BM/G,D,,,,
EAST_CAMP_SE,9,N-R/WR,G-BM/G,B,,,,
EAST_CAMP_SE,9,N-R/WR,GNWR,D,,,,
EAST_CAMP_SE,9,N-R/WR,GNWR,D,,,,
EAST_CAMP_SE,9,N-R/WR,GNWR,B,,,,
EAST_CAMP_SE,9,GYRN,N-R/WR,D,,,,
EAST_CAMP_SE,9,GYRN,GNWR,D,,,,
EAST_CAMP_SE,9,GYRN,GNWR,D,,,,
EAST_CAMP_SE,9,GYRN,GNWR,B,,,,
EAST_CAMP_SE,9,GYRN,GWBG,D,,,,
EAST_CAMP_SE,9,GYRN,RYWB,D,,,,
EAST_CAMP_SE,9,GYRN,G-BM/G,D,,,,
EAST_CAMP_SE,9,RNBN,WNRN,D,,,,
EAST_CAMP_SE,9,RNBN,WNRN,D,,,,
EAST_CAMP_SE,9,RNBN,WNRN,B,,,,
EAST_CAMP_SE,9,RNBN,GYRN,D,,,,
EAST_CAMP_SE,9,RNBN,GYRN,B,,,,
EAST_CAMP_SE,9,WNRN,N-R/WR,D,,,,
EAST_CAMP_SE,9,WNRN,N-R/WR,D,,,,
EAST_CAMP_SE,9,WNRN,N-R/WR,B,,,,
EAST_CAMP_SE,9,GYRN,N-R/WR,D,,,,
EAST_CAMP_SE,10,RNBN,GNWR,D,,,,
EAST_CAMP_SE,10,WNRN,GNWR,D,,,,
EAST_CAMP_SE,10,WNRN,GNWR,B,,,,
EAST_CAMP_SE,10,GYRN,RGW-G,D,,,,
EAST_CAMP_SE,10,GYRN,RGW-G,C,,,,
EAST_CAMP_SE,10,WNRN,GYRN,D,,,,
EAST_CAMP_SE,10,WNRN,GYRN,C,,,,
EAST_CAMP_SE,10,G-BM/G,G-BM/G,X,,,,
EAST_CAMP_SE,10,NWRG,NWRG,X,,,,
EAST_CAMP_SE,10,RGW-G,RGW-G,X,,,,
EAST_CAMP_SE,10,WNRN,WNRN,X,,,,
EAST_CAMP_SE,10,RYWB,RYWB,X,,,,
EAST_CAMP_SE,10,GNWR,GNWR,X,,,,
NPB NW,1,YYGB,RBGG,D,,,,
NPB NW,1,YYGB,GGWW,D,,,,
NPB NW,1,YNBB,WBWN,P,,,,
NPB NW,1,YNWN,WYGR,P,,,,
NPB NW,1,GGWW,YNWN,P,,,,
NPB NW,1,GGWW,YNWN,C,,,,
NPB NW,2,YYGB,WYGR,P,,,,
NPB NW,2,YYGB,RBRY,D,,,,
NPB NW,2,RBRY,WYGR,D,,,,
NPB NW,2,RBGG,RBRY,P,,,,
NPB NW,2,RBGG,RBRY,D,,,,
NPB NW,2,YNBB,RBRY,D,,,,
NPB NW,2,GGWW,YNBB,P,,,,
NPB NW,2,GGWW,YNBB,P,,,,
NPB NW,2,GGWW,YNBB,B,,,,
NPB NW,2,GGWW,YNBB,B,,,,
NPB NW,2,WBYY,RBRY,D,,,,
NPB NW,3,RBRY,YNWN,D,,,,
NPB NW,3,WYGR,YNBB,D,,,,
NPB NW,3,WYGR,YNBB,D,,,,
NPB NW,3,GGWW,YNBB,D,,,,
NPB NW,3,GGWW,YNWN,B,,,,
NPB NW,3,GGWW,WYGR,B,,,,
NPB NW,3,WBYY,YNBB,D,,,,
NPB NW,3,WBYY,WYGR,D,,,,
NPB NW,3,GGWW,YNBB,B,,,,
NPB NW,3,GGWW,YNBB,D,,,,
NPB NW,4,YYGB,RBGG,D,,,,
NPB NW,4,RBGG,YYGB,D,,,,
NPB NW,4,GGWW,YYGB,D,,,,
NPB NW,4,GGWW,YYGB,B,,,,
NPB NW,4,YNWN,YNBB,D,,,,
NPB NW,4,WBYY,YWYB,D,,,,
NPB NW,4,YYGB,WYGR,D,,,,
NPB NW,5,GGWW,RBGG,D,,,,
NPB NW,5,GGWW,RBGG,B,,,,
NPB NW,6,RBGG,WBWN,P,,,,
NPB NW,6,GGWW,YWYB,P,,,,
NPB NW,6,YNWN,RBGG,D,,,,
NPB NW,6,YNWN,RBGG,D,,,,
NPB NW,7,YNWN,YWYB,D,,,,
NPB NW,8,GGWW,YWYB,D,,,,
NPB NW,8,RBGG,WBWN,P,,,,
NPB NW,8,YNBB,WBWN,D,,,,
NPB NW,8,YNBB,WBWN,D,,,,
NPB NW,8,YNBB,WBWN,D,,,,
NPB NW,8,YNBB,WBWN,B,,,,
NPB NW,8,GGWW,YWYB,D,,,,
NPB NW,8,YNBB,WYGR,P,,,,
NPB NW,9,GGWW,RBGG,D,,,,
NPB NW,9,WBWN,YNBB,D,,,,
NPB NW,9,YWYB,WYGR,D,,,,
NPB NW,9,RBGG,YWYB,D,,,,
NPB NW,10,WYGR,WBWN,B,,,,
NPB NW,10,RBGG,RBRY,D,,,,
NPB NW,10,WBYY,WBYY,X,,,,
NPB NW,10,YNBB,YNBB,X,,,,
SPBTrigGate,01-Jan,BYBR,NOBA,B,,,,
SPBTrigGate,01-Jan,NOBA,BYBR,K,,,,
SPBTrigGate,01-Jan,NOBA,BYBR,K,,,,
SPBTrigGate,01-Jan,RBNY,NOBA,B,,,,
SPBTrigGate,01-Jan,NOBA,RBNY,B,,,,
SPBTrigGate,01-Jan,NOBA,RBNY,B,,,,
SPBTrigGate,01-Jan,NOBA,RBNY,B,,,,
SPBTrigGate,01-Jan,RBNY,NOBA,B,,,,
SPBTrigGate,01-Jan,NOBA,BRGN,B,,,,
SPBTrigGate,01-Jan,NOBA,BRGN,K,,,,
SPBTrigGate,01-Jan,NOBA,BRGN,K,,,,
SPBTrigGate,01-Jan,NOBA,RBNY,B,,,,
SPBTrigGate,01-Jan,NOBA,GRWY,P,,,,
SPBTrigGate,01-Jan,GRWY,RBNY,P,,,,
SPBTrigGate,02-Jan,NOBA,BYBR,D,,,,
SPBTrigGate,01-Mar,RBNY,GRWY,P,,,,
SPBTrigGate,01-Mar,RBNY,BRGN,B,,,,
SPBTrigGate,01-Mar,NOBA,RBNY,B,,,,
SPBTrigGate,01-Mar,NOBA,BYBR,P,,,,
SPBTrigGate,01-Mar,GRWY,BYBR,B,,,,
SPBTrigGate,01-Apr,BYBR,NOBA,B,,,,
SPBTrigGate,01-Apr,GRWY,BYBR,B,,,,
SPBTrigGate,01-Apr,GRWY,BYBR,D,,,,
SPBTrigGate,01-Apr,GRWY,BYBR,D,,,,
SPBTrigGate,01-Sep,NOBA,BRGN,B,,,,
SPBTrigGate,01-Oct,RBNY,BYBR,B,,,,
SPBTrigGate,01-Oct,NOBA,BRGN,B,,,,
SPBTrigGate,01-Oct,NOBA,GRWY,B,,,,
SPBTrigGate,01-Oct,NOBA,GRWY,P,,,,
SPBTrigGate,01-Oct,NOBA,BRGN,B,,,,
SPBTrigGate,02-Nov,NOBA,BYBR,C,,,,
SPBTrigGate,13-Feb,BRGN,RBNY,B,,,,
RdFlatAnchorGate,29-Jan,NOBA,YBYG,D,,,,
RdFlatAnchorGate,29-Jan,NOBA,YBYG,D,,,,
RdFlatAnchorGate,29-Jan,NOBA,XNRB,D,,,,
RdFlatAnchorGate,29-Jan,NOBA,BYYN,D,,,,
RdFlatAnchorGate,29-Jan,YRGY,BYYN,D,,,,
RdFlatAnchorGate,29-Jan,YBYG,BYYN,D,,,,
RdFlatAnchorGate,29-Jan,NOBA,BYYN,B,,,,
RdFlatAnchorGate,29-Jan,YBYG,BYYN,B,,,,
RdFlatAnchorGate,29-Jan,NOBA,RGBG,B,,,,
RdFlatAnchorGate,29-Jan,NOBA,RGBG,B,,,,
RdFlatAnchorGate,29-Jan,NOBA,BYYN,B,,,,
RdFlatAnchorGate,29-Jan,NOBA,BYYN,D,,,,
RdFlatAnchorGate,29-Jan,XNRB,BYYN,D,,,,
RdFlatAnchorGate,29-Jan,YBYG,BYYN,D,,,,
RdFlatAnchorGate,29-Jan,YBYG,BYYN,B,,,,
RdFlatAnchorGate,30-Jan,YRGY,BYYN,B,,,,
RdFlatAnchorGate,30-Jan,YRGY,NOBA,B,,,,
RdFlatAnchorGate,30-Jan,YRGY,NOBA,B,,,,
RdFlatAnchorGate,30-Jan,NOBA,RGBG,B,,,,
RdFlatAnchorGate,30-Jan,NOBA,RGBG,B,,,,
RdFlatAnchorGate,30-Jan,NOBA,BYYN,D,,,,
RdFlatAnchorGate,30-Jan,YRGY,BYYN,D,,,,
RdFlatAnchorGate,30-Jan,YBYG,BYYN,D,,,,
RdFlatAnchorGate,30-Jan,XNRB,RGBG,B,,,,
RdFlatAnchorGate,30-Jan,XNRB,RGBG,B,,,,
RdFlatAnchorGate,30-Jan,XNRB,RGBG,B,,,,
RdFlatAnchorGate,30-Jan,XNRB,RGBG,B,,,,
RdFlatAnchorGate,30-Jan,XNRB,RGBG,B,,,,
RdFlatAnchorGate,30-Jan,XNRB,RGBG,B,,,,
RdFlatAnchorGate,31-Jan,NOBA,BYYN,D,,,,
RdFlatAnchorGate,31-Jan,YBYG,BYYN,D,,,,
RdFlatAnchorGate,31-Jan,YRGY,BYYN,D,,,,
RdFlatAnchorGate,31-Jan,NOBA,YBYG,B,,,,
RdFlatAnchorGate,31-Jan,YRGY,BYYN,D,,,,
RdFlatAnchorGate,31-Jan,NOBA,BYYN,D,,,,
RdFlatAnchorGate,31-Jan,YRGY,BYYN,B,,,,
RdFlatAnchorGate,31-Jan,NOBA,BYYN,B,,,,
RdFlatAnchorGate,31-Jan,YBYG,BYYN,D,,,,
RdFlatAnchorGate,01-Jan,NOBA,RGBG,B,,,,
RdFlatAnchorGate,01-Jan,NOBA,BYYN,D,,,,
RdFlatAnchorGate,01-Jan,YRGY,BYYN,D,,,,
RdFlatAnchorGate,01-Jan,YBYG,BYYN,D,,,,
RdFlatAnchorGate,01-Jan,YRGY,BYYN,D,,,,
RdFlatAnchorGate,01-Jan,NOBA,BYYN,D,,,,
RdFlatAnchorGate,01-Feb,YRGY,RGBG,B,,,,
RdFlatAnchorGate,01-Feb,YRGY,RGBG,B,,,,
RdFlatAnchorGate,02-Feb,BYYN,XNRB,B,,,,
RdFlatAnchorGate,02-Feb,BYYN,XNRB,B,,,,
RdFlatAnchorGate,01-Mar,YRGY,RGBG,P,,,,
RdFlatAnchorGate,01-Apr,NOBA,YRGY,B,,,,
RdFlatAnchorGate,01-Apr,NOBA,XNRB,B,,,,
RdFlatAnchorGate,01-Apr,YRGY,BYYN,D,,,,
RdFlatAnchorGate,01-Apr,XNRB,BYYN,D,,,,
RdFlatAnchorGate,01-May,NOBA,XNRB,B,,,,
RdFlatAnchorGate,01-May,NOBA,XNRB,B,,,,
NCoastSE,19-Jan,NOBA,YGWY,D,,,,
NCoastSE,19-Jan,NOBA,YRBR,B,,,,
NCoastSE,19-Jan,NOBA,YYBN,B,,,,
NCoastSE,19-Jan,NOBA,YYBN,D,,,,
NCoastSE,19-Jan,NOBA,YYBN,D,,,,
NCoastSE,19-Jan,NOBA,YYBN,D,,,,
NCoastSE,19-Jan,NOBA,YYBN,P,,,,
NCoastSE,19-Feb,YYBN,NOBA,B,,,,
NCoastSE,19-Feb,NOBA,YYBN,P,,,,
NCoastSE,19-Feb,NOBA,YYBN,P,,,,
NCoastSE,19-Feb,NOBA,GWNN,C,,,,
NCoastSE,19-Feb,NOBA,GWNN,B,,,,
NCoastSE,19-Feb,NOBA,YGWY,C,,,,
NCoastSE,19-Feb,NOBA,YYBN,C,,,,
NCoastSE,19-Feb,YYBN,YRBR,C,,,,
NCoastSE,19-Feb,YYBN,YRBR,B,,,,
NCoastSE,19-Feb,YYBN,YGWY,P,,,,
NCoastSE,19-Feb,YYBN,YGGN,D,,,,
NCoastSE,19-Feb,YGWY,YGGN,D,,,,
NCoastSE,19-Mar,YGGN,YGWY,B,,,,
NCoastSE,19-Mar,NOBA,YRBR,B,,,,
NCoastSE,20-Jan,NOBA,YGGN,D,,,,
NCoastSE,20-Jan,NOBA,YGGN,D,,,,
NCoastSE,20-Feb,YYBN,YGWY,B,,,,
NCoastSE,20-Feb,YYBN,YRBR,B,,,,
NCoastSE,20-Feb,YYBN,YGGN,D,,,,
NCoastSE,20-Feb,YYBN,YRBR,D,,,,
NCoastSE,20-Feb,YYBN,YRBR,B,,,,
NCoastSE,20-Feb,YYBN,YGWY,D,,,,
NCoastSE,20-Feb,YGGN,YYBN,B,,,,
NCoastSE,20-Feb,NOBA,YGGN,P,,,,
NCoastSE,20-Feb,NOBA,YGGN,D,,,,
NCoastSE,20-Feb,NOBA,YGGN,C,,,,
NCoastSE,20-Feb,NOBA,GWNN,C,,,,
NCoastSE,21-Jan,NOBA,YYBN,B,,,,
NCoastSE,21-Jan,NOBA,YYBN,B,,,,
NCoastSE,21-Jan,NOBA,YYBN,B,,,,
NCoastSE,21-Jan,NOBA,GWNN,P,,,,
NCoastSE,21-Jan,NOBA,GWNN,C,,,,
NCoastSE,21-Jan,YYBN,GWNN,B,,,,
NCoastSE,21-Jan,NOBA,YYBN,B,,,,
NCoastSE,21-Jan,NOBA,YGWY,C,,,,
NCoastSE,21-Jan,NOBA,YGWY,C,,,,
NCoastSE,21-Jan,NOBA,GWNN,C,,,,
NCoastSE,21-Jan,NOBA,GWNN,P,,,,
NCoastSE,21-Jan,NOBA,YGWY,B,,,,
NCoastSE,21-Jan,NOBA,YYBN,P,,,,
NCoastSE,21-Jan,NOBA,YGGN,C,,,,
NCoastSE,21-Jan,NOBA,YGGN,C,,,,
NCoastSE,21-Jan,NOBA,GWNN,C,,,,
NCoastSE,21-Jan,YYBN,YGGN,B,,,,
NCoastSE,21-Jan,YYBN,YGGN,B,,,,
NCoastSE,21-Jan,YYBN,YGGN,P,,,,
NCoastSE,21-Jan,YYBN,YGGN,B,,,,
NCoastSE,21-Jan,YYBN,YGWY,B,,,,
NCoastSE,21-Jan,YYBN,YGGN,B,,,,
NCoastSE,21-Jan,YYBN,GWNN,B,,,,
NCoastSE,21-Jan,YYBN,YGGN,B,,,,
NCoastSE,21-Jan,YYBN,YGWY,B,,,,
NCoastSE,21-Jan,NOBA,YGGN,D,,,,
NCoastSE,21-Feb,YGGN,YGWY,B,,,,
NCoastSE,21-Feb,NOBA,YGWY,P,,,,
NCoastSE,22-Jan,YYBN,YGGN,D,,,,
NCoastSE,22-Jan,YYBN,YGGN,D,,,,
NCoastSE,22-Jan,YYBN,YGGN,B,,,,
NCoastSE,22-Jan,YYBN,YGGN,D,,,,
NCoastSE,22-Jan,YYBN,YGGN,D,,,,
NCoastSE,22-Feb,NOBA,YYBN,P,,,,
NCoastSE,22-Feb,YGGN,GWNN,B,,,,
NCoastSE,22-Feb,YGGN,YGWY,C,,,,
NCoastSE,22-Feb,YGGN,GWNN,B,,,,
NCoastSE,22-Feb,NOBA,YGGN,P,,,,
NCoastSE,22-Feb,NOBA,YGWY,C,,,,
NCoastSE,22-Feb,NOBA,GWNN,P,,,,
NCoastSE,22-Feb,NOBA,YGWY,P,,,,
NCoastSE,22-Feb,NOBA,YGWY,C,,,,
NCoastSE,22-Feb,NOBA,YGWY,C,,,,
NCoastSE,22-Feb,NOBA,YRBR,C,,,,
NCoastSE,22-Feb,NOBA,GWNN,C,,,,
NCoastSE,22-Feb,NOBA,YGGN,C,,,,
NCoastSE,22-Feb,NOBA,YGGN,C,,,,
NCoastSE,22-Feb,NOBA,GWNN,C,,,,
NCoastSE,22-Feb,NOBA,YGWY,P,,,,
NCoastSE,22-Feb,NOBA,YGWY,D,,,,
NCoastSE,23-Feb,YYBN,GWNN,P,,,,
NCoastSE,23-Feb,YYBN,GWNN,B,,,,
NCoastSE,22-Feb,NOBA,GWNN,P,,,,
NCoastSE,23-Feb,NOBA,YYBN,P,,,,
NCoastSE,23-Feb,NOBA,GWNN,D,,,,
NCoastSE,22-Feb,NOBA,YRBR,D,,,,
NCoastSE,23-Feb,NOBA,GWNN,P,,,,
NCoastSE,23-Feb,NOBA,GWNN,D,,,,
NCoastSE,23-Feb,NOBA,GWNN,C,,,,
NCoastSE,23-Feb,YYBN,YRBR,B,,,,
NCoastSE,23-Feb,NOBA,YYBN,P,,,,
NCoastSE,23-Feb,NOBA,YRBR,C,,,,
NCoastSE,23-Feb,YYBN,YRBR,P,,,,
NCoastSE,23-Feb,YYBN,YRBR,C,,,,
NCoastSE,23-Feb,YYBN,YRBR,D,,,,
NCoastSE,23-Feb,YYBN,YRBR,B,,,,
NCoastSE,23-Feb,YYBN,YRBR,B,,,,
NCoastSE,23-Feb,YYBN,GWNN,B,,,,
NCoastSE,23-Feb,YYBN,GWNN,P,,,,
NCoastSE,23-Feb,YYBN,GWNN,P,,,,
NCoastSE,24-Jan,NOBA,YYBN,P,,,,
NCoastSE,24-Jan,YYBN,YGGN,B,,,,
NCoastSE,24-Jan,YYBN,YGGN,B,,,,
NCoastSE,24-Jan,YYBN,YGGN,B,,,,
NCoastSE,24-Jan,YYBN,YGGN,B,,,,
NCoastSE,24-Jan,YYBN,YGGN,B,,,,
NCoastSE,24-Jan,YYBN,YGGN,B,,,,
NCoastSE,24-Jan,YYBN,GWNN,C,,,,
NCoastSE,24-Jan,YYBN,YGWY,B,,,,
NCoastSE,24-Jan,YYBN,GWNN,C,,,,
NCoastSE,24-Jan,NOBA,GWNN,C,,,,
NCoastSE,24-Jan,NOBA,YGWY,C,,,,
NCoastSE,24-Jan,NOBA,GWNN,C,,,,
NCoastSE,24-Jan,NOBA,YGWY,C,,,,
NCoastSE,24-Jan,YYBN,GWNN,C,,,,
NCoastSE,24-Jan,NOBA,YGWY,C,,,,
NCoastSE,25-Feb,YGGN,YGWY,P,,,,
NCoastSE,25-Feb,YGGN,GWNN,P,,,,
NCoastSE,25-Feb,YGGN,YGWY,B,,,,
NCoastSE,25-Feb,YGGN,YGWY,D,,,,
NCoastSE,25-Feb,YGGN,GWNN,D,,,,
NCoastSE,26-Jan,NOBA,YYBN,B,,,,
NCoastSE,26-Feb,YYBN,YGWY,B,,,,
NCoastSE,26-Feb,YGWY,YYBN,B,,,,
NCoastSE,26-Feb,YYBN,YGWY,B,,,,
NCoastSE,26-Feb,NOBA,YGWY,C,,,,
NCoastSE,27-Jan,NOBA,YYBN,B,,,,
NCoastSE,27-Jan,NOBA,YYBN,B,,,,
NCoastSE,27-Jan,NOBA,GWNN,C,,,,
NCoastSE,27-Jan,YYBN,YGWY,B,,,,
NCoastSE,27-Jan,YYBN,GWNN,B,,,,
NCoastSE,27-Jan,YYBN,YGWY,B,,,,
NCoastSE,27-Jan,YYBN,GWNN,B,,,,
NCoastSE,27-Jan,YYBN,GWNN,B,,,,
NCoastSE,27-Jan,NOBA,YYBN,P,,,,
NCoastSE,27-Jan,NOBA,GWNN,C,,,,
NCoastSE,27-Jan,NOBA,YGWY,B,,,,
NCoastSE,27-Jan,YYBN,GWNN,C,,,,
NCoastSE,27-Jan,YYBN,YRBR,B,,,,
NCoastSE,27-Jan,YYBN,YRBR,C,,,,
NCoastSE,27-Feb,NOBA,GWNN,D,,,,
NCoastSE,28-Jan,NOBA,YYBN,B,,,,
NCoastSE,28-Jan,NOBA,YYBN,B,,,,
NCoastSE,28-Jan,NOBA,YYBN,P,,,,
NCoastSE,28-Jan,NOBA,YYBN,P,,,,
NCoastSE,28-Jan,YYBN,GWNN,C,,,,
NCoastSE,28-Jan,YYBN,GWNN,B,,,,
NCoastSE,28-Feb,YYBN,YGWY,D,,,,
NCoastSE,28-Feb,YYBN,YGWY,D,,,,
NCoastSE,28-Feb,YYBN,YGWY,D,,,,
NCoastSE,28-Feb,YYBN,GWNN,D,,,,
NCoastSE,28-Feb,YYBN,YGWY,D,,,,
NCoastSE,28-Feb,YYBN,YGWY,C,,,,
NCoastSE,28-Feb,YYBN,GWNN,B,,,,
NCoastSE,28-Feb,YYBN,YGWY,B,,,,
NCoastSE,28-Feb,YYBN,GWNN,B,,,,
LookoutSE,01-Apr,1NOBA,YYYY-W,D,,,,
LookoutSE,01-Apr,1NOBA,YYYY-W,P,,,,
LookoutSE,02-May,1NOBA,YYYY-W,B,,,,
LookoutSE,02-May,1NOBA,YYYY-W,P,,,,
LookoutSE,02-May,1NOBA,YYYY-W,B,,,,
LookoutSE,01-Jun,1NOBA,BRBR-W,D,,,,
LookoutSE,02-Jun,1NOBA,GGGB-W,B,,,,
LookoutSE,01-Jul,1NOBA,YYYY-W,P,,,,
LookoutSE,01-Jul,YYYY-W,RYWR,C,,,,
LookoutSE,01-Jul,1NOBA,BRBR-W,P,,,,
LookoutSE,01-Jul,1NOBA,BRBR-W,P,,,,
LookoutSE,01-Jul,YYYY-W,RYWR,C,,,,
LookoutSE,01-Jul,1NOBA,BRBR-W,B,,,,
LookoutSE,01-Jul,YYYY-W,GGGB-W,B,,,,
LookoutSE,01-Jul,1NOBA,GGGB-W,B,,,,
LookoutSE,01-Jul,1NOBA,GGGB-W,D,,,,
LookoutSE,01-Jul,1NOBA,GGGB-W,D,,,,
LookoutSE,01-Jul,1NOBA,BRBR-W,D,,,,
LookoutSE,01-Jul,1NOBA,BRBR-W,B,,,,
LookoutSE,01-Jul,1NOBA,GGGB-W,B,,,,
LookoutSE,01-Jul,GGGB-W,YYYY-W,B,,,,
LookoutSE,01-Jul,GGGB-W,YYYY-W,D,,,,
LookoutSE,01-Jul,GGGB-W,YYYY-W,D,,,,
LookoutSE,01-Aug,1NOBA,GGGB-W,D,,,,
LookoutSE,01-Aug,1NOBA,GGGB-W,D,,,,
LookoutSE,01-Aug,1NOBA,GGGB-W,C,,,,
LookoutSE,01-Aug,1NOBA,GGGB-W,D,,,,
LookoutSE,01-Aug,1NOBA,YYYY-W,P,,,,
LookoutSE,01-Aug,GGGB-W,YYYY-W,B,,,,
LookoutSE,01-Aug,GGGB-W,YYYY-W,B,,,,
LookoutSE,01-Sep,GGGB-W,YYYY-W,B,,,,
LookoutSE,01-Sep,1NOBA,RYWR,B,,,,
LookoutSE,02-Sep,YYYY-W,RYWR,D,,,,
LookoutSE,01-Dec,1NOBA,GGGB-W,P,,,,
LookoutSE,01-Dec,2NOBA,2NOBA,NA,,,,
HAY1_N,3,WWRR,GWNY,D,,,,
HAY1_N,3,WGRW,GWNY,D,,,,
HAY1_N,3,NOBA,WGRW,D,,,,
HAY1_N,3,NOBA,WGRW,D,,,,
HAY1_N,3,NOBA,WGRW,C,,,,
HAY1_N,3,BBBB,WGRW,D,,,,
HAY1_N,4,NOBA,GWNY,D,,,,
HAY1_N,4,NOBA,GWNY,D,,,,
HAY1_N,4,NOBA,GWNY,B,,,,
HAY1_N,4,NOBA,GWNY,B,,,,
HAY1_N,4,NOBA,WGRW,D,,,,
HAY1_N,4,GGRR,GYRY,P,,,,
HAY1_N,4,GGRR,GYRY,D,,,,
HAY1_N,4,WGRW,BGWG,D,,,,
HAY1_N,4,WWRR,WGRW,P,,,,
HAY1_N,4,WWRR,WGRW,D,,,,
HAY1_N,4,WWRR,WGRW,D,,,,
HAY1_N,5,WWRR,BBBB,D,,,,
HAY1_N,5,NOBA,BGWG,D,,,,
HAY1_N,5,NOBA,BGWG,D,,,,
HAY1_N,5,NOBA,BGWG,B,,,,
HAY1_N,5,NOBA,BGWG,B,,,,
HAY1_N,5,NOBA,BGWG,B,,,,
HAY1_N,5,NOBA,BGWG,B,,,,
HAY1_N,5,NOBA,BGWG,B,,,,
HAY1_N,5,NOBA,BBBB,D,,,,
HAY1_N,5,NOBA,BBBB,B,,,,
HAY1_N,5,NOBA,BBBB,B,,,,
HAY1_N,5,NOBA,GYRY,D,,,,
HAY1_N,5,NOBA,GYRY,D,,,,
HAY1_N,5,NOBA,GYRY,B,,,,
HAY1_N,5,GGRR,WGRW,D,,,,
HAY1_N,5,WWRR,GYRY,D,,,,
HAY1_N,5,WWRR,GGRR,P,,,,
HAY1_N,5,WWRR,GGRR,D,,,,
HAY1_N,5,WWRR,BGWG,D,,,,
HAY1_N,5,WWRR,BGWG,B,,,,
HAY1_N,5,WWRR,WGRW,D,,,,
HAY1_N,6,NOBA,BGWG,D,,,,
HAY1_N,6,NOBA,BGWG,D,,,,
HAY1_N,6,NOBA,BGWG,B,,,,
HAY1_N,6,NOBA,GYRY,D,,,,
HAY1_N,6,GYRY,WGRW,D,,,,
HAY1_N,6,GGRR,GYRY,D,,,,
HAY1_N,6,BBBB,WGRW,D,,,,
HAY1_N,6,GGRR,BGWG,D,,,,
HAY1_N,6,GGRR,BGWG,D,,,,
HAY1_N,6,NOBA,BBBB,D,,,,
HAY1_N,6,WWRR,GGRR,D,,,,
HAY1_N,6,WWRR,BGWG,D,,,,
HAY1_N,6,WWRR,BGWG,D,,,,
HAY1_N,6,WWRR,BGWG,D,,,,
HAY1_N,6,WWRR,BGWG,B,,,,
HAY1_N,6,WWRR,BBBB,D,,,,
HAY1_N,7,NOBA,WGRW,D,,,,
HAY1_N,7,BBBB,NOBA,D,,,,
HAY1_N,7,NOBA,BBBB,D,,,,
HAY1_N,7,NOBA,BBBB,C,,,,
HAY1_N,7,GGRR,BBBB,D,,,,
HAY1_N,7,GGRR,WGRW,D,,,,
HAY1_N,8,GWNY,GYRY,D,,,,
HAY1_N,8,GWNY,GYRY,D,,,,
HAY1_N,8,GWNY,BBBB,D,,,,
HAY1_N,8,GYRY,WGRW,D,,,,
HAY1_N,8,GWNY,BGWG,P,,,,
HAY1_N,8,GWNY,BGWG,D,,,,
HAY1_N,8,GWNY,BGWG,C,,,,
HAY1_N,8,GWNY,BGWG,B,,,,
HAY1_N,9,NOBA,GYRY,D,,,,
HAY1_N,9,GGRR,GYRY,D,,,,
HAY1_N,9,WGRW,GGRR,D,,,,
HAY1_N,9,RGWG,WGRW,D,,,,
HAY1_N,10,GYRY,BBBB,D,,,,
HAY1_N,10,NOBA,BBBB,D,,,,
HAY1_N,10,BBBB,BGWG,D,,,,
HAY1_N,10,BBBB,BGWG,D,,,,
HAY1_N,10,GYRY,WGRW,D,,,,
HAY1_N,10,WWRR,BGWG,D,,,,
HAY1_N,10,GYRY,WGRW,D,,,,
HAY1_N,10,NOBA,WGRW,D,,,,
HAY1_N,10,GGRR,GWNY,P,,,,
HAY1_N,10,NOBA,GYRY,D,,,,
HAY1_N,10,GGRR,WGRW,D,,,,
HAY1_N,10,WWRR,WGRW,P,,,,
HAY1_N,10,WWRR,WGRW,D,,,,
HAY1_N,10,WWRR,GYRY,D,,,,
HAY1_N,10,BGWG,WWRR,D,,,,
HAY1_N,10,GGRR,BGWG,P,,,,
SPB_N_CURVE,18-Jan,RRRY-W,WGWG-W,D,,,,
SPB_N_CURVE,18-Jan,WGWG-W,BYBY-W,B,,,,
SPB_N_CURVE,18-Jan,WGWG-W,BBRW,B,,,,
SPB_N_CURVE,20-Feb,WGWG-W,BBRW,P,,,,
SPB_N_CURVE,22-Jan,BYBY-W,GGGY-W,D,,,,
SPB_N_CURVE,22-Jan,BYBY-W,GGGY-W,D,,,,
SPB_N_CURVE,22-Jan,BYBY-W,GGGY-W,C,,,,
SPB_N_CURVE,22-Jan,BYBY-W,GGGY-W,C,,,,
SPB_N_CURVE,25-Jan,BYBY-W,GGGY-W,D/B?,,,,
SPB_N_CURVE,25-Jan,WGWG-W,NOBA,D,,,,
SPB_N_CURVE,27-Jan,WGWG-W,NOBA,B,,,,
E_Hay,29-Jan,GNGW,RNWN,D,,,,
E_Hay,30-Jan,BRNG,RNWN,B,,,,
E_Hay,30-Jan,BRNG,RNWN,B,,,,
E_Hay,30-Jan,RNWN,BRNG,B,,,,
E_Hay,30-Jan,BRNG,XRXX,B,,,,
E_Hay,30-Jan,BRNG,BRYN,C,,,,
E_Hay,30-Jan,BRNG,BRYN,D,,,,
E_Hay,30-Jan,BRNG,RNWN,C,,,,
E_Hay,31-Jan,YGRW,WNRB,D,,,,
E_Hay,31-Jan,YGRW,XRXX,D,,,,
E_Hay,31-Jan,YGRW,WNRB,D,,,,
E_Hay,31-Jan,GNGW,WNRB,B,,,,
E_Hay,01-Jan,GNGW,XRXX,P,,,,
E_Hay,01-Jan,GNGW,XRXX,P,,,,
E_Hay,01-Jan,WNRB,YGRW,B,,,,
E_Hay,01-Feb,BRYN,XRXX,D,,,,
E_Hay,01-Feb,XRXX,BRYN,B,,,,
E_Hay,01-Feb,WNRB,BRYN,D,,,,
E_Hay,01-Feb,WNRB,GNGW,B,,,,
E_Hay,01-Feb,WNRB,GNGW,D,,,,
E_Hay,01-Feb,WNRB,BRNG,D,,,,
E_Hay,01-Jun,GNGW,BRYN,B,,,,
E_Hay,01-Jul,WNRB,BRNG,P,,,,
E_Hay,01-Jul,BRNG,YGRW,B,,,,
E_Hay,01-Jul,BRNG,XRXX,D,,,,
E_Hay,01-Aug,RNWN,GNGW,D,,,,
E_Hay,01-Aug,BRNG,WNRB,D,,,,
E_Hay,01-Aug,XRXX,BRNG,C,,,,
E_Hay,01-Sep,YGRW,WNRB,B,,,,
E_Hay,01-Sep,BRYN,YGRW,D,,,,
E_Hay,01-Sep,RNWN,BRNG,P,,,,
E_Hay,01-Sep,BRNG,WNRB,B,,,,
E_Hay,01-Sep,WNRB,GNGW,B,,,,
E_Hay,01-Sep,WNRB,BRNG,P,,,,
E_Hay,01-Sep,WNRB,BRNG,P,,,,
E_Hay,01-Sep,BRNG,WNRB,B,,,,
E_Hay,01-Sep,WNRB,BRNG,D,,,,
E_Hay,01-Sep,BRNG,BRYN,B,,,,
E_Hay,01-Nov,YGRW,XRXX,D,,,,
E_Hay,01-Nov,GNGW,YGRW,D,,,,
E_Hay,01-Nov,GNGW,NOBA,P,,,,
E_Hay,01-Nov,BRNG,NOBA,B,,,,
E_Hay,01-Nov,BRNG,GNGW,B,,,,
E_Hay,01-Nov,BRNG,NOBA,C,,,,
E_Hay,01-Nov,NOBA,BRNG,B,,,,
E_Hay,01-Nov,BRNG,NOBA,B,,,,
E_Hay,01-Nov,GNGW,BRNG,P,,,,
E_Hay,02-Nov,NOBA,BRNG,B,,,,
E_Hay,02-Nov,BRNG,NOBA,P,,,,
E_Hay,02-Nov,BRNG,GNGW,B,,,,
E_Hay,02-Nov,BRNG,NOBA,B,,,,
E_Hay,02-Nov,BRNG,NOBA,B,,,,
E_Hay,02-Nov,NOBA,GNGW,B,,,,
E_Hay,02-Nov,NOBA,GNGW,B,,,,
E_Hay,02-Nov,NOBA,GNGW,B,,,,
E_Hay,02-Nov,NOBA,BRNG,P,,,,
E_Hay,02-Nov,NOBA,BRNG,B,,,,
E_Hay,02-Nov,BRNG,NOBA,B,,,,
staff_3,01-Mar,RBNR,WRBY,B,,,,
staff_3,0-0, YYNY, YYNY,NA,,,,
staff_3,0-0, NGYN, NGYN,NA,,,,
staff_3,13-Feb,RBNR,WRGY,D,,,,
Rd_Flats_Swede_gate,17-Jan,WGGG,RGGN,B,,,,
Rd_Flats_Swede_gate,17-Jan,WGGG,BWBN,B,,,,
Rd_Flats_Swede_gate,17-Jan,WGGG,BWBN,B,,,,
Rd_Flats_Swede_gate,17-Jan,WGGG,BWBN,B,,,,
Rd_Flats_Swede_gate,17-Jan,WGGG,NOBA,B,,,,
Rd_Flats_Swede_gate,17-Jan,WGGG,NOBA,C,,,,
Rd_Flats_Swede_gate,17-Jan,WGGG,NOBA,P,,,,
Rd_Flats_Swede_gate,17-Jan,WGGG,NOBA,P,,,,
Rd_Flats_Swede_gate,17-Jan,WGGG,NOBA,P,,,,
Rd_Flats_Swede_gate,17-Jan,WGGG,NOBA,D,,,,
Rd_Flats_Swede_gate,17-Jan,WGGG,NOBA,D,,,,
Rd_Flats_Swede_gate,17-Jan,WGGG,NOBA,B,,,,
Rd_Flats_Swede_gate,17-Jan,WGGG,NOBA,D,,,,
Rd_Flats_Swede_gate,18-Jan,WGGG,RNBB,B,,,,
Rd_Flats_Swede_gate,18-Jan,WGGG,RNBB,B,,,,
Rd_Flats_Swede_gate,18-Jan,WGGG,NOBA,B,,,,
Rd_Flats_Swede_gate,18-Jan,WGGG,BWBN,P,,,,
Rd_Flats_Swede_gate,18-Jan,WGGG,BWBN,B,,,,
Rd_Flats_Swede_gate,18-Jan,WGGG,BWBN,B,,,,
Rd_Flats_Swede_gate,18-Jan,WGGG,NOBA,B/P,,,,
Rd_Flats_Swede_gate,18-Jan,WGGG,NOBA,P,,,,
Rd_Flats_Swede_gate,18-Jan,WGGG,NOBA,B,,,,
Rd_Flats_Swede_gate,18-Jan,WGGG,NOBA,D,,,,
Rd_Flats_Swede_gate,18-Jan,RGGN,BWBN,D,,,,
Rd_Flats_Swede_gate,18-Jan,RGGN,BWBN,P,,,,
Rd_Flats_Swede_gate,18-Jan,WGGG,RGGN,B,,,,
Rd_Flats_Swede_gate,18-Jan,WGGG,BWBN,B,,,,
Rd_Flats_Swede_gate,18-Jan,WGGG,BWBN,B,,,,
Rd_Flats_Swede_gate,18-Jan,WGGG,RNBB,B,,,,
Rd_Flats_Swede_gate,18-Jan,WGGG,RNBB,B,,,,
Rd_Flats_Swede_gate,18-Jan,WGGG,NOBA,B,,,,
Rd_Flats_Swede_gate,18-Jan,WGGG,BWBN,P,,,,
Rd_Flats_Swede_gate,18-Jan,WGGG,BWBN,B,,,,
Rd_Flats_Swede_gate,18-Jan,WGGG,BWBN,B,,,,
Rd_Flats_Swede_gate,18-Jan,WGGG,NOBA,B/P,,,,
Rd_Flats_Swede_gate,18-Jan,WGGG,NOBA,P,,,,
Rd_Flats_Swede_gate,18-Jan,WGGG,NOBA,B,,,,
Rd_Flats_Swede_gate,18-Jan,WGGG,NOBA,D,,,,
Rd_Flats_Swede_gate,18-Jan,RGGN,BWBN,D,,,,
Rd_Flats_Swede_gate,18-Jan,RGGN,BWBN,P,,,,
Rd_Flats_Swede_gate,18-Jan,WGGG,RGGN,B,,,,
Rd_Flats_Swede_gate,18-Jan,WGGG,BWBN,B,,,,
Rd_Flats_Swede_gate,18-Jan,WGGG,BWBN,B,,,,
Rd_Flats_Swede_gate,18-Jan,WGGG,RGGN,D,,,,
Rd_Flats_Swede_gate,18-Jan,WGGG,NOBA,P,,,,
Rd_Flats_Swede_gate,19-Jan,WGGG,NOBA,B,,,,
Rd_Flats_Swede_gate,19-Jan,WGGG,NOBA,B,,,,
Rd_Flats_Swede_gate,19-Jan,WGGG,GBYW,B,,,,
Rd_Flats_Swede_gate,19-Jan,WGGG,GBYW,B,,,,
Rd_Flats_Swede_gate,19-Jan,WGGG,GBYW,B,,,,
Rd_Flats_Swede_gate,19-Jan,GBYW,NOBA,B,,,,
Rd_Flats_Swede_gate,19-Jan,GBYW,NOBA,B,,,,
Rd_Flats_Swede_gate,19-Jan,GBYW,NOBA,P,,,,
Rd_Flats_Swede_gate,19-Jan,GBYW,NOBA,B,,,,
Rd_Flats_Swede_gate,19-Jan,WGGG,GBYW,B,,,,
Rd_Flats_Swede_gate,19-Jan,WGGG,RNBB,B,,,,
Rd_Flats_Swede_gate,19-Jan,WGGG,RNBB,B,,,,
Rd_Flats_Swede_gate,19-Jan,WGGG,RNBB,B,,,,
Rd_Flats_Swede_gate,19-Jan,WGGG,RNBB,B,,,,
Rd_Flats_Swede_gate,19-Jan,WGGG,RNBB,B,,,,
Rd_Flats_Swede_gate,19-Jan,WGGG,RNBB,B,,,,
Rd_Flats_Swede_gate,19-Jan,WGGG,RNBB,B,,,,
Rd_Flats_Swede_gate,19-Jan,WGGG,NOBA,P,,,,
Rd_Flats_Swede_gate,20-Jan,WGGG,RGGN,B,,,,
Rd_Flats_Swede_gate,20-Jan,WGGG,GBYW,D,,,,
Rd_Flats_Swede_gate,20-Jan,WGGG,RGGN,B,,,,
Rd_Flats_Swede_gate,20-Jan,WGGG,NOBA,B,,,,
Rd_Flats_Swede_gate,20-Jan,WGGG,NOBA,B,,,,
Rd_Flats_Swede_gate,20-Jan,WGGG,NOBA,B,,,,
Rd_Flats_Swede_gate,20-Jan,WGGG,NOBA,B,,,,
Rd_Flats_Swede_gate,20-Jan,WGGG,BWBN,B,,,,
Rd_Flats_Swede_gate,20-Jan,WGGG,NOBA,P,,,,
Rd_Flats_Swede_gate,20-Jan,WGGG,RGGN,D,,,,
Rd_Flats_Swede_gate,20-Jan,WGGG,BWBN,B,,,,
Rd_Flats_Swede_gate,20-Jan,WGGG,RGGN,D,,,,
Rd_Flats_Swede_gate,20-Jan,WGGG,NOBA,B,,,,
Rd_Flats_Swede_gate,20-Jan,WGGG,NOBA,B,,,,
Rd_Flats_Swede_gate,20-Jan,WGGG,NOBA,B,,,,
Rd_Flats_Swede_gate,20-Jan,WGGG,BWBN,B,,,,
Rd_Flats_Swede_gate,20-Jan,WGGG,RGGN,B,,,,
Rd_Flats_Swede_gate,20-Jan,WGGG,RGGN,B,,,,
Rd_Flats_Swede_gate,20-Jan,WGGG,RGGN,D,,,,
Rd_Flats_Swede_gate,20-Jan,WGGG,NOBA,P,,,,
Rd_Flats_Swede_gate,20-Jan,WGGG,RGGN,C,,,,
Rd_Flats_Swede_gate,20-Jan,WGGG,RGGN,C,,,,
Rd_Flats_Swede_gate,20-Jan,RGGN,WGGG,B,,,,
Rd_Flats_Swede_gate,20-Jan,WGGG,NOBA,D,,,,
Rd_Flats_Swede_gate,20-Jan,WGGG,NOBA,B,,,,
Rd_Flats_Swede_gate,20-Jan,WGGG,RNBB,P,,,,
Rd_Flats_Swede_gate,20-Jan,WGGG,NOBA,C,,,,
Rd_Flats_Swede_gate,20-2,WGGG,RGGN,D,,,,
Rd_Flats_Swede_gate,20-2,WGGG,RGGN,B,,,,
Rd_Flats_Swede_gate,20-2,WGGG,RNBB,D,,,,
Rd_Flats_Swede_gate,20-2,WGGG,RNBB,B,,,,
Rd_Flats_Swede_gate,20-2,WGGG,NOBA,C,,,,
Rd_Flats_Swede_gate,20-2,WGGG,RNBB,C,,,,
Rd_Flats_Swede_gate,20-2,WGGG,RGGN,C,,,,
Rd_Flats_Swede_gate,20-2,RNBB,RGGN,B,,,,
Rd_Flats_Swede_gate,20-2,RNBB,RGGN,D,,,,
Rd_Flats_Swede_gate,20-2,RNBB,RGGN,B,,,,
Rd_Flats_Swede_gate,20-2,RNBB,RGGN,B,,,,
Rd_Flats_Swede_gate,20-2,RNBB,RGGN,B,,,,
